input,label
春秋左傳定公,131313
,
元年，春，王正月辛巳，晉魏舒合諸侯之大夫于狄泉，將以城成周。,130000131300130130130130000130
魏子蒞政。,13130
衛彪傒曰：“將建天子，而易位以令，非義也。大事奸義，必有大咎。晉不失諸侯，魏子其不免乎！”,013000001300130000000130000013000013013013000
是行也，魏獻子屬役於韓簡子及原壽過，而田於大陸，焚焉，還，卒於甯。,000012313012301230000130000000000
范獻子去其柏槨，以其未復命而田也。,12300130000130000
孟懿子會城成周，庚寅，栽。,1230013013000
宋仲幾不受功，曰：“滕、薛、郳，吾役也。”,013013000000000000000
薛宰曰：“宋為無道，絕我小國於周，以我適楚，故我常從宋。晉文公為踐土之盟，曰：‘凡我同盟，各復舊職。’若從踐土，若從宋，亦唯命。”,13000001300013000000000000001230130000000013000130000130000000000
仲幾曰：“踐土固然。”,13000130000
薛宰曰：“薛之皇祖奚仲居薛，以為夏車正，奚仲遷于邳，仲虺居薛，以為湯左相。若復舊職，將承王官，何故以役諸侯？”,1300000122300000123013000013000001230001300013000001300
仲幾曰：“三代各異物，薛焉得有舊？為宋役，亦其職也。”,130001301300000000000000000
士彌牟曰：“晉之從政者新，子姑受功，歸，吾視諸故府。”,123000001300000130000001300
仲幾曰：“縱子忘之，山川鬼神其忘諸乎？”,13000000001313000000
士伯怒，謂韓簡子曰：“薛徵於人，宋徵於鬼。宋罪大矣。且己無辭，而抑我以神，誣我也。‘啟寵納侮’，其此之謂矣。必以仲幾為戮。”,13000123000000000000000000001300000000000000000000000000130000
乃執仲幾以歸。,0013000
三月，歸諸京師。,13000130
城三旬而畢，乃歸諸侯之戍。,0000000013000
齊高張后，不從諸侯。,1230000130
晉女叔寬曰：“周萇弘、齊高張皆將不免。萇叔違天，高子違人。天之所壞，不可支也；眾之所為，不可奸也。”,01230001230123000001300013000000000000000000000000
夏，叔孫成子逆公之喪于乾侯。,00122300000130
季孫曰：“子家子亟言於我，未嘗不中吾志也。吾欲與之從政，子必止之，且聽命焉。”,130001230000013000000000013000000013000
子家子不見叔孫，易几而哭。,1230013000000
叔孫請見子家子。,13001230
子家子辭曰：“羈未得見，而從君以出。君不命而薨，羈不敢見。”,123000000000000000000000013000
叔孫使告之曰：“公衍、公為實使群臣不得事君，若公子宋主社稷，則群臣之愿也。凡從君出而可以入者，將唯子是聽。子家氏未有後，季孫愿與子從政。此皆季孫之愿也，使不敢以告。”,13000000130130000000000123013000000000000013000000000123000013000130001300000000000
對曰：“若立君，則有卿士、大夫與守龜在，羈弗敢知。若從君者，則貌而出者，入可也；寇而出者，行可也。若羈也，則君知其出也，而未知其入也，羈將逃也。”,0000000000130130130000000000000000000000000000000000000000000000000000000
喪及壞隤，公子宋先入，從公者皆自壞隤反。,00130123000000001300
六月癸亥，公之喪至自乾侯。,1223000000130
戊辰，公即位。,1300130
季孫使役如闞公氏，將溝焉。,1300012300000
榮駕鵝曰：“生不能事，死又離之，以自旌也。縱子忍之，後必或恥之。”,123000000000000000000000000000000
乃止。,000
季孫問於榮駕鵝曰：“吾欲為君謚，使子孫知之。”,13001230000000000130000
對曰：“生弗能事，死又惡之，以自信也。將焉用之？”,0000000000000001300000000
乃止。,000
秋，七月癸巳，葬昭公於墓道南。,001313001301300
孔子之為司寇也，溝而合諸墓。,13001300000000
昭公出故，季平子禱於煬公。,1300012300130
九月，立煬宮。,1300130
周鞏簡公棄其子弟而好用遠人。,01230013000130
,
二年，夏，四月辛酉，鞏氏之群子弟賊簡公。,13000122301300130130
桐叛楚。,0000
吳子使舒鳩氏誘楚人，曰：“以師臨我，我伐桐，為我使之無忌。”,130123013000000000000000000000
秋，楚囊瓦伐吳，師于豫章。,0001300000130
吳人見舟于豫章，而潛師于巢。,13000130013000
冬，十月，吳軍楚師于豫章，敗之。,0013000130130000
遂圍巢，克之，獲楚公子繁。,0000000012230
邾莊公與夷射姑飲酒，私出。,1230123130000
閽乞肉焉，奪之杖以敲之。,000000000000
,
三年，春，二月辛卯，邾子在門臺，臨廷。,1300012230130130000
閽以缾水沃廷，邾子望見之，怒。,000000013130000
閽曰：“夷射姑旋焉。”,00001230000
命執之。,0000
弗得，滋怒，自投于床，廢于爐炭，爛，遂卒。,000000000000013000000
先葬以車五乘，殉五人。,00000000000
莊公卞急而好潔，故及是。,131301300000
定公秋，九月，鮮虞人敗晉師于平中，獲晉觀虎，恃其勇也。,130013012301301300013000000
冬，盟于郯，修邾好也。,00000000000
蔡昭侯為兩佩與兩裘以如楚，獻一佩一裘於昭王。,1230000000000000000130
昭王服之，以享蔡侯。,1300000130
蔡侯亦服其一。,1300000
子常欲之，弗與，三年止之。,1300000000000
唐成公如楚，有兩肅爽馬，子常欲之，弗與，亦三年止之。,12300000130013000000000000
唐人或相與謀，請代先從者，許之。,1301300000130000
飲先從者酒，醉之，竊馬而獻之子常。,00130000000000130
子常歸唐侯。,130130
自拘於司敗，曰：“君以弄馬之故，隱君身，棄國家。群臣請相夫人以償馬，必如之。”,130130000001300000000130000000000000000
唐侯曰：“寡人之過也。二三子無辱！”,130001300001230000
皆賞之。,0000
蔡人聞之，固請，而獻佩于子常。,130000000000130
子常朝，見蔡侯之徒，命有司曰：“蔡君之久也，官不共也。明日禮不畢，將死。”,1300013000013000130000000001300000000
蔡侯歸，及漢，執玉而沈，曰：“餘所有濟漢而南者，有若大川！”,130000000000000000000000131300
蔡侯如晉，以其子元與其大夫之子為質焉，而請伐楚。,130000000001300000000000
,
四年，春，三月，劉文公合諸侯于召陵，謀伐楚也。,13000130123013013000000
晉荀寅求貨於蔡侯，弗得，言於范獻子曰：“國家方危，諸侯方貳，將以襲敵，不亦難乎！水潦方降，疾瘧方起，中山不服，棄盟取怨，無損於楚，而失中山，不如辭蔡侯。吾自方城以來，楚未可以得志，只取勤焉。”,123000130000001230001300013000000000000013000130001300000000000000013013013000131300013130000000
乃辭蔡侯。,00130
晉人假羽旄於鄭，鄭人與之。,1301300013000
明日，或旆以會。,13000000
晉於是乎失諸侯。,01230130
將會，衛子行敬子言於靈公曰：“會同難，嘖有煩言，莫之治也。其使祝佗從！”,000122230013000000000130000000013000
公曰：“善。”,0000000
乃使子魚。,00130
子魚辭，曰：“臣展四體，以率舊職，猶懼不給而煩刑書。若又共二，徼大罪也。且夫祝，社稷之常隸也。社稷不動，祝不出竟，官之制也。君以軍行，祓社釁鼓，祝奉以從，於是乎出竟。若嘉好之事，君行師從，卿行旅從，臣無事焉。”,130000000130001300000001300000000000130013013001300000000000000000013130000001230000130000000000000013000
公曰：“行也。”,00000000
及皋鼬，將長蔡於衛。,0130000000
衛侯使祝佗私於萇弘曰：“聞諸道路，不知信否。若聞蔡將先衛，信乎？”,130130013000001300000000000000000
萇弘曰：“信。蔡叔，康叔之兄也，先衛，不亦可乎？”,1300000130130000000000000
子魚曰：“以先王觀之，則尚德也。昔武王克商，成王定之，選建明德，以蕃屏周。故周公相王室，以尹天下，於周為睦。分魯公以大路、大旗，夏後氏之璜，封父之繁弱，殷民六族，條氏、徐氏、蕭氏、索氏、長勺氏、尾勺氏，使帥其宗氏，輯其分族，將其類醜，以法則周公。用即命于周。是使之職事于魯，以昭周公之明德。分之土田陪敦、祝、宗、卜、史，備物、典策，官司、彝器；因商奄之民，命以伯禽而封於少皞之虛。分康叔以大路、少帛、綪茷、旃旌、大呂，殷民七族，陶氏、施氏、繁氏、锜氏、樊氏、饑氏、終葵氏；封畛土略，自武父以南及圃田之北竟，取於有閻之土以共王職；取於相土之東都以會王之東搜。聃季授土，陶叔授民，命以《康誥》而封於殷虛。皆啟以商政，疆以周索。分唐叔以大路、密須之鼓、闕鞏、沽洗，懷姓九宗，職官五正。命以《唐誥》而封於夏虛，啟以夏政，疆以戎索。三者皆叔也，而有令德，故昭之以分物。不然，文、武、成、康之伯猶多，而不獲是分也，唯不尚年也。管、蔡啟商，惎間王室，王於是乎殺管叔而蔡蔡叔，以車七乘、徒七十人。其子蔡仲改行帥德，周公舉之，以為己卿士，見諸王而命之以蔡。其命書云：‘王曰：胡！無若爾考之違王命也！’若之何其使蔡先衛也？武王之母弟八人，周公為大宰，康叔為司寇，聃季為司空，五叔無官，豈尚年哉？曹，文之昭也；晉，武之穆也。曹為伯甸，非尚年也。今將尚之，是反先王也。晉文公為踐土之盟，衛成公不在，夷叔，其母弟也，猶先蔡。其載書云：‘王若曰：晉重、魯申、衛武、蔡甲午、鄭捷、齊潘、宋王臣、莒期。’藏在周府，可覆視也。吾子欲復文、武之略，而不正其德，將如之何？”,13000013000000000130001300000130013000130130001300000001301301301230001301301313013013013013012301230000130001300013001313001300000013000001301300013130000000001301301301300130000013000130000130130130130130130131301301301301301301301230130000130001300000013000013000130130000000130001300000013000000000000000130013013013000130130001301313000013000013000130001300000000013000001300000000000000000000000001300000000131300123013001300000001300001313000130000001300000000000130000000000000013000123000000013013000130130130130130130001300130000000000000000001300130000000001300123013000123000130013000000013000000013013013012301301301230130000130013001300000000000000012300
萇弘說，告劉子，與范獻子謀之，乃長衛侯於盟。,1300013001230000013000
反自召陵，鄭子大叔未至而卒。,00130122300000
晉趙簡子為之臨，甚哀，曰：“黃父之會，夫子語我九言，曰：‘無始亂，無怙富，無恃寵，無違同，無敖禮，無驕能，無復怒，無謀非德，無犯非義。’”,012300000000001300013001300000000013001300130000001300000001300013000
沈人不會于召陵，晉人使蔡伐之。,130001301300000
夏，蔡滅沈。,000000
秋，楚為沈故，圍蔡。,0000000000
伍員為吳行人以謀楚。,1300130000
楚之殺郤宛也，伯氏之族出。,0001300130000
伯州犁之孫嚭為吳大宰以謀楚。,12300000130000
楚自昭王即位，無歲不有吳師，蔡侯因之，以其子乾與其大夫之子為質於吳。,0013130130013013000000000130000000
冬，蔡侯、吳子、唐侯伐楚。,0013013013000
舍舟于淮汭，自豫章與楚夾漢。,00013001300000
左司馬戌謂子常曰：“子沿漢而與之上下，我悉方城外以毀其舟，還塞大隧、直轅、冥厄。子濟漢而伐之，我自後擊之，必大敗之。”,12230130000000001300013000000001301301300000000000000013000
既謀而行。,00000
武城黑謂子常曰：“吳用木也，我用革也，不可久也，不如速戰。”,123013000000000000000000131300
史皇謂子常：“楚人惡子而好司馬。若司馬毀吳舟于淮，塞城口而入，是獨克吳也。子必速戰！不然，不免。”,1301300130000130013000000013000000000001300000000
乃濟漢而陳，自小別至于大別。,00000001300130
三戰，子常知不可，欲奔。,000130000000
史皇曰：“安，求其事；難而逃之，將何所入？子必死之，初罪必盡說。”,130000000000000000000000000000000
十一月庚午，二師陳于柏舉。,1222301300130
闔廬之弟夫概王晨請於闔廬曰：“楚瓦不仁，其臣莫有死志。先伐之，其卒必奔；而後大師繼之，必克。”,13001230001300013130000013000000000013130000000
弗許。,000
夫概王曰：“所謂‘臣義而行，不待命’者，其此之謂也。今日我死，楚可入也。”,1230001300000001300000000013000000000
以其屬五千先擊子常之卒。,000130013000
子常之卒奔，楚師亂，吳師大敗之。,1300001300131300
子常奔鄭。,13000
史皇以其乘廣死。,13001300
吳從楚師，及清發，將擊之。,0013001300000
夫概王曰：“困獸猶鬭，況人乎？若知不免而致死，必敗我。若使先濟者知免，後者慕之，蔑有鬭心矣。半濟而後可擊也。”,1230001300000000000000000000000000013000001300001300000
從之，又敗之。,0000000
楚人為食，吳人及之，奔。,130001300000
食而從之，敗諸雍澨。,0000000130
五戰，及郢。,000000
己卯，楚子取其妹季羋畀我以出，涉雎。,130130001223000000
鍼尹固與王同舟，王使執燧象以奔吳師。,123000000001300130
庚辰，吳入郢，以班處宮。,130000000000
子山處令尹之宮，夫概王欲攻之，懼而去之，夫概王入之。,13013000123000000000123000
左司馬戌及息而還，敗吳師于雍澨，傷。,122300000013013000
初，司馬臣闔廬，故恥為禽焉，謂其臣曰：“誰能免吾首？”,001301300000000000000000000
吳句卑曰：“臣賤，可乎？”,1230000000000
司馬曰：“我實失子，可哉！”,13000000000000
三戰皆傷，曰：“吾不可用也已。”,0000000000001300
句卑布裳，剄而裹之，藏其身，而以其首免。,13000000000000000000
楚子涉雎，濟江，入于云中。,1300000000130
王寢，盜攻之，以戈擊王，王孫由于以背受之，中肩。,000000000000122300000000
王奔鄖。,0000
鍾建負季羋以從。,13013000
由于徐蘇而從。,1300000
鄖公辛之弟懷將弒王，曰：“平王殺吾父，我殺其子，不亦可乎？”,123000000000013000000000130000
辛曰：“君討臣，誰敢讎之？君命，天也。若死天命，將誰讎？《詩》曰：‘柔亦不茹，剛亦不吐。不侮矜寡，不畏強禦’，唯仁者能之。違強陵弱，非勇也；乘人之約，非仁也；滅宗廢祀，非孝也；動無令名，非知也。必犯是，餘將殺女。”,00000000000001300000013000000000000000000000001300013000130000000000000000000000000000000013000000000000000
斗辛與其弟巢以王奔隨。,13000000000
吳人從之，謂隨人曰：“周之子孫在漢川者，楚實盡之。天誘其衷，致罰於楚，而君又竄之，周室何罪？君若顧報周室，施及寡人，以獎天衷，君之惠也。漢陽之田，君實有之。”,1300001300000130130000000000001300000000013000001313000130001300000013000000000
楚子在公宮之北，吳人在其南。,13013000130000
子期似王，逃王，而己為王，曰：“以我與之，王必免。”,13000000000000000000000000
隨人卜與之，不吉，乃辭吳曰：“以隨之辟小，而密邇於楚，楚實存之。世有盟誓，至于今未改。若難而棄之，何以事君？執事之患不唯一人，若鳩楚竟，敢不聽命？”,13000000000000000013001300000000001300000000000000000013000000000000001300
吳人乃退。,13000
鑪金初宦於子期氏，實與隨人要言。,1300012300013130
王使見，辭，曰：“不敢以約為利。”,00000000000000000
王割子期之心以與隨人盟。,001300001300
初，伍員與申包胥友。,0013012300
其亡也，謂申包胥曰：“我必復楚國。”,000001230000001300
申包胥曰：“勉之！子能復之，我必能興之。”,123000000000000000000
及昭王在隨，申包胥如秦乞師，曰：“吳為封豕、長蛇，以薦食上國，虐始於楚。”,0130001230013000000130130013130000000
寡君失守社稷，越在草莽，使下臣告急，曰：“夷德無厭，若鄰於君，疆埸之患也。逮吳之未定，君其取分焉。若楚之遂亡，君之土也。若以君靈撫之，世以事君。秦伯使辭焉，曰：寡人聞命矣。子姑就館，將圖而告。”,1313130001300131300001300000000130000000000000000000000000000013000000001300000013130000130000000
對曰：“寡君越在草莽，未獲所伏，下臣何敢即安？”,000013001300000013001300
立，依於庭墻而哭，日夜不絕聲，勺飲不入口七日。,00001300013000013013000
秦哀公為之賦《無衣》。,12300000000
九頓首而坐。,013000
秦師乃出。,13000
,
五年，春，王人殺子朝于楚。,1300013013000
夏，歸粟于蔡，以周亟，矜無資。,000000001300130
越入吳，吳在楚也。,000000000
六月，季平子行東野。,1301230130
還，未至，丙申，卒于房。,000001300000
陽虎將以玙璠斂，仲梁懷弗與，曰：“改步改玉。”,13001300123000000000000
陽虎欲逐之，告公山不狃。,130000012230
不狃曰：“彼為君也，子何怨焉？”,1300000000000000
既葬，桓子行東野，及費。,000130130000
子泄為費宰，逆勞於郊，桓子敬之。,1300000000013000
勞仲梁懷，仲梁懷弗敬。,01230123000
子泄怒，謂陽虎：“子行之乎！”,130001300000000
申包胥以秦師至。,12301300
秦子蒲、子虎帥車五百乘以救楚。,013013001300000
子蒲曰：“吾未知吳道。”,130000001300
使楚人先與吳人戰，而自稷會之，大敗夫概王于沂。,01300130000000013123000
吳人獲薳射於柏舉，其子帥奔徒以從子西，敗吳師于軍祥。,13013013000013001300130130
秋七月，子期、子蒲滅唐。,123013013000
九月，夫概王歸，自立也，以與王戰，而敗，奔楚，為棠溪氏。,1301230013000000000000001230
吳師敗楚師于雍澨。,130130130
秦師又敗吳師。,1300130
吳師居麇，子期將焚之，子西曰：“父兄親暴骨焉，不能收，又焚之，不可。”,13000130000130001301300130000001300
子期曰：“國亡矣，死者若有知也，可以歆舊祀，豈憚焚之？”,1300000001301300130130000000
焚之，而又戰，吳師敗，又戰于公婿之溪。,0000000130000013000
吳師大敗，吳子乃歸。,1313013000
囚闉輿罷。,01230
闉輿罷請先，遂逃歸。,1230000130
葉公諸梁之弟後臧從其母於吳，不待而歸。,1223001300000000000
葉公終不正視。,1300130
乙亥，陽虎囚季桓子及公父文伯，而逐仲梁懷。,130130123012230001230
冬，十月丁亥，殺公何藐。,001313001230
己丑，盟桓子于稷門之內，庚寅，大詛。,130013013000130000
逐公父歜及秦遄，皆奔齊。,012301300000
楚子入于郢。,130000
初，斗辛聞吳人之爭宮也，曰：“吾聞之：‘不讓，則不和；不和，不可以遠征。’吳爭於楚，必有亂；有亂，則必歸，焉能定楚？”,00130130000000000000000000000001313000000000000000000000000
王之奔隨也，將涉於成臼。,000000000130
藍尹亹涉其帑，不與王舟。,123000000000
及寧，王欲殺之。,00000000
子西曰：“子常唯思舊怨以敗，君何效焉？”,13000130013000000000
王曰：“善。使復其所，吾以志前惡。”,000000000000001300
王賞斗辛、王孫由于、王孫圉、鍾建、斗巢、申包胥、王孫賈、宋木、斗懷。,0013012230123013013012301230130130
子西曰：“請舍懷也。”,13000000000
王曰：“大德滅小怨，道也。”,00001301300000
申包胥曰：“吾為君也，非為身也。君既定矣，又何求？且吾尤子旗，其又為諸？”,1230000000000000000000000000130000000
遂逃賞。,0000
王將嫁季羋，季羋辭曰：“所以為女子，遠丈夫也。鍾建負我矣。”,000130130000000130013001300000
以妻鍾建，以為樂尹。,0013000130
王之在隨也，子西為王輿服以保路，國于脾泄。,000000130000000000130
聞王所在，而後從王。,0000013000
王使由于城麇，復命。,0013000130
子西問高厚焉，弗知。,1301300000
子西曰：“不能，如辭。城不知高厚，小大何知？”,13000000000000130130000
對曰：“固辭不能，子使餘也。人各有能有不能。王遇盜於云中，餘受其戈，其所猶在。”,0000000000000000000000000013000000000000
袒而示之背，曰：“此餘所能也。脾泄之事，餘亦弗能也。”,000000000000000130000000000
晉士鞅圍鮮虞，報觀虎之敗也。,12301300130000
,
六年，春，鄭滅許，因楚敗也。,13000000000000
二月，公侵鄭，取匡，為晉討鄭之伐胥靡也。,13000000000000001300
往不假道於衛；及還，陽虎使季、孟自南門入，出自東門，舍於豚澤。,0013000000130000013000013000130
衛侯怒，使彌子瑕追之。,13000123000
公叔文子老矣，輦而如公，曰：“尤人而效之，非禮也。昭公之難君將以文之舒鼎、成之昭兆、定之鞶監，茍可以納之，擇用一焉。公子與二三臣之子，諸侯茍憂之，將以為之質。此群臣之所聞也。今將以小忿蒙舊德，無乃不可乎？大姒之子，唯周公、康叔為相睦也，而效小人以棄之，不亦誣乎？天將多陽虎之罪以斃之，君姑待之，若何？”,1223000000000000000001300130000000130001300013001300000000130130000130000000000000000000001301301313001300001301300000001300000000000013000000000001300
乃止。,000
夏，季桓子如晉，獻鄭俘也。,0012300000000
陽虎強使孟懿子往報夫人之幣，晉人兼享之。,13001230013000130000
孟孫立于房外，謂范獻子曰：“陽虎若不能居魯，而息肩於晉，所不以為中軍司馬者，有如先君！”,13000000123000130130000130000000122300131300
獻子曰：“寡君有官，將使其人，鞅何知焉？”,130001300000000000000
獻子謂簡子曰：“魯人患陽虎矣。孟孫知其釁，以為必適晉，故強為之請，以取入焉。”,130130001301300130000000000000000000000
四月己丑，吳太子終纍敗楚舟師，獲潘子臣、小惟子及大夫七人。,12230122230013001230123013000
楚國大惕，懼亡。,13000000
子期又以陵師敗于繁揚。,13001300130
令尹子西喜曰：“乃今可為矣。”,122300000000000
於是乎遷郢於鄀，而改紀其政，以定楚國。,0000000000000000130
周儋翩率王子朝之徒因鄭人將以作亂于周，鄭於是乎伐馮、滑、胥靡、負黍、狐人、闕外。,1230123000130013000012300000130000130000
六月，晉閻沒戍周，且城胥靡。,13012300000130
秋，八月，宋樂祁言於景公曰：“諸侯唯我事晉，今使不往，晉其憾矣。”,001300130013000130000000000000000
樂祁告其宰陳寅。,13000130
陳寅曰：“必使子往。”,13000000000
他日，公謂樂祁曰：“唯寡人說子之言，子必往！”,13000130000130000000000
陳寅曰：“子立後而行，吾室亦不亡，唯君亦以我為知難而行也。”,130000000000000000000000000000
見溷而行。,00000
趙簡子逆，而飲之酒於綿上，獻楊楯六十於簡子。,1230000000130013130130
陳寅曰：“昔吾主范氏，今子主趙氏，又有納焉，以楊楯賈禍，弗可為也已。然子死晉國，子孫必得志於宋。”,1300000013000013000000013000000130000130130130000
范獻子言於晉侯曰：“以君命越疆而使，未致使而私飲酒，不敬二君，不可不討也。”,12300130000130000000000130000000000000
乃執樂祁。,00130
陽虎又盟公及三桓於周社，盟國人于亳社，詛于五父之衢。,13000013013001301300012230
冬，十二月，天王處于姑蕕，辟儋翩之亂也。,00123013001300130000
,
七年，春，二月，周儋翩入于儀栗以叛。,130001300130013000
齊人歸鄆、陽關，陽虎居之以為政。,1300013013000000
夏，四月，單武公、劉桓公敗尹氏于窮穀。,0013012301230130130
秋，齊侯、鄭伯盟于鹹，徵會于衛。,0013013000000000
衛侯欲叛晉，諸大夫不可。,130000013000
使北宮結如齊，而私於齊侯曰：“執結以侵我。”,0123000000130000000000
齊侯從之，乃盟于瑣。,1300000000
齊國夏伐我。,123000
陽虎御季桓子，公斂處父御孟懿子，將宵軍齊師。,1301230001301230000130
齊師聞之，墮，伏而待之。,130000000000
處父曰：“虎不圖禍，而必死。”,130000000000000
苫夷曰：“虎陷二子於難，不待有司，餘必殺女。”,13000000000000130000000
虎懼，乃還，不敗。,000000000
冬，十一月戊午，單子、劉子逆王于慶氏。,0012223013013000130
晉籍秦送王。,013000
己巳，王入于王城，館于公族黨氏，而後朝于莊宮。,13000013000122301300130
,
八年，春，王正月，公侵齊，門于陽州。,130000130000000130
士皆坐列，曰：“顏高之弓六鈞。”,0000000013000000
皆取而傳觀之。,0000000
陽州人出，顏高奪人弱弓，籍丘子鉏擊之，與一人俱斃。,1230013000001223000000000
偃，且射子鉏，中頰，殪。,000013000000
顏息射人中眉，退曰：“我無勇，吾志其目也。”,1300000000000000000000
師退，冉猛偽傷足而先。,00013000000
其兄會乃呼曰：“猛也殿！”,0000000000000
二月己丑，單子伐穀城，劉子伐儀栗。,12230130130130130
辛卯，單子伐簡城，劉子伐盂，以定王室。,1301301301300000130
趙鞅言於晉侯曰：“諸侯唯宋事晉，好逆其使，猶懼不至；今又執之，是絕諸侯也。”,13001300013000000000000000000000013000
將歸樂祁，士鞅曰：“三年止之，無故而歸之，宋必叛晉。”,001301300000000130000000000
獻子私謂子梁曰：“寡君懼不得事宋君，是以止子。子姑使溷代子。”,1300130001300001301300000000000
子梁以告陳寅。,1300130
陳寅曰：“宋將叛晉，是棄溷也，不如待之。”,130000000000000130000
樂祁歸，卒于大行。,130000130
士鞅曰：“宋必叛，不如止其尸以求成焉。”,13000000013000000000
乃止諸州。,00130
公侵齊，攻廩丘之郛。,0000013000
主人焚沖，或濡馬褐以救之，遂毀之。,13000001300000000
主人出，師奔。,1300000
陽虎偽不見冉猛者，曰：“猛在此，必敗。”,13000130000000000000
猛逐之，顧而無繼，偽顛。,000000000000
虎曰：“盡客氣也。”,0000013000
苫越生子，將待事而名之。,130000000000
陽州之役獲焉，名之曰陽州。,1300000000130
夏，齊國夏、高張伐我西鄙。,0001301300130
晉士鞅、趙鞅、荀寅救我。,123013013000
公會晉師于瓦，范獻子執羔，趙簡子、中行文子皆執雁。,0013000123000123012230000
魯於是始尚羔。,0000000
晉師將盟衛侯于鄟澤，趙簡子曰：“群臣誰敢盟衛君者？”,13001301301230000000013000
涉佗、成何曰：“我能盟之。”,13013000000000
衛人請執牛耳。,1300130
成何曰：“衛，吾溫、原也，焉得視諸侯？”,13000000000000001300
將歃，涉佗捘衛侯之手，及捥。,00013013000000
衛侯怒，王孫賈趨進，曰：“盟以信禮也，有如衛君，其敢不唯禮是事而受此盟也？”,13001231300000000001313000000000000000
衛侯欲叛晉，而患諸大夫。,130000000130
王孫賈使次于郊。,12300000
大夫問故，公以晉詬語之，且曰：“寡人辱社稷，其改卜嗣，寡人從焉。”,130000000000000013013001300130000
大夫曰：“是衛之禍，豈君之過也？”,13000000000000000
公曰：“又有患焉，謂寡人‘必以而子與大夫之子為質’。”,000000000013000000130000000
大夫曰：“茍有益也，公子則往，群臣之子敢不皆負羈紲以從？”,13000013001300000000000130000
將行，王孫賈曰：“茍衛國有難，工商未嘗不為患，使皆行而後可。”,0001230000130001313000000013000
公以告大夫，乃皆將行之。,000130000000
行有日，公朝國人，使賈問焉，曰：“若衛叛晉，晉五伐我，病何如矣？”,000000130000000000000000000000000
皆曰：“五伐我，猶可以能戰。”,000000000130000
賈曰：“然則如叛之，病而後質焉，何遲之有？”,0000130000013000000000
乃叛晉。,0000
晉人請改盟，弗許。,130130000
秋，晉士鞅會成桓公侵鄭，圍蟲牢，報伊闕也。,001230123000013001300
遂侵衛。,0000
九月，師侵衛，晉故也。,13000000000
季寤、公鉏極、公山不狃皆不得志於季氏，叔孫輒無寵於叔孫氏，叔仲志不得志於魯，故五人因陽虎。,130123012230013013012300012301230130000000130
陽虎欲去三桓，以季寤更季氏，以叔孫輒更叔孫氏，己更孟氏。,1300130013013001230123000130
冬十月，順祀先公而祈焉。,013013130000
辛卯，禘于僖公。,13000130
壬辰，將享季氏于蒲圃而殺之；戒都車，曰“癸巳至。”,1300013013000001300013000
成宰公斂處父告孟孫曰：“季氏戒都車，何故？”,0012230130001301301300
孟孫曰：“吾弗聞。”,1300000000
處父曰：“然則亂也，必及於子，先備諸。”,13000130000000000000
與孟孫以壬辰為期。,013013000
陽虎前驅。,13130
林楚御桓子，虞人以鈹、盾夾之，陽越殿。,1301301300000001300
將如蒲圃。,00130
桓子咋謂林楚曰：“而先皆季氏之良也，爾以是繼之。”,1300130000001300000000000
對曰：“臣聞命後。陽虎為政，魯國服焉，違之徵死，死無益於主。”,0000013001300013000000000130000
桓子曰：“何後之有？而能以我適孟氏乎？”,13000000000000013000
對曰：“不敢愛死，懼不免主。”,000000000000000
桓子曰：“往也！”,130000000
孟氏選圉人之壯者三百人，以為公期筑室於門外。,1301300013000013000130
林楚怒馬，及衢而騁。,1300000000
陽越射之，不中。,13000000
筑者闔門。,13000
有自門間射陽越，殺之。,00130130000
陽虎劫公與武叔，以伐孟氏。,1300013000130
公斂處父帥成人自上東門入，與陽氏戰于南門之內，弗勝；又戰于棘下，陽氏敗。,122301301230001300130000000001301300
陽虎說甲如公宮，取寶玉、大弓以出，舍于五父之衢，寢而為食。,13000130013013000001223000000
其徒曰：“追其將至。”,00000000000
虎曰：“魯人聞餘出，喜於徵死，何暇追餘？”,000013000000000000000
從者曰：“嘻！速駕，公斂陽在。”,1300000000123000
公斂陽請追之，孟孫弗許。,123000013000
陽欲殺桓子，孟孫懼而歸之。,0001301300000
子言辨舍爵於季氏之廟而出。,0131301300000
陽虎入于讙、陽關以叛。,13000013000
鄭駟歂嗣子大叔為政。,0131223000
,
九年，春，宋公使樂大心盟于晉，且逆樂祁之尸。,1300013012300000013000
辭，偽有疾；乃使向巢如晉盟，且逆子梁之尸。,000000001300000013000
子明謂桐門右師出，曰：“吾猶衰绖，而子擊鐘，何也？”,13012230000000130001300000
右師曰：“喪不在此故也。”,1300000000000
既而告人曰：“己衰绖而生子，餘何故舍鐘？”,130000001300000000000
子明聞之，怒，言於公曰：“右師將不利戴氏。不肯適晉，將作亂也。不然，無疾。”,13000000000001300013013000013000000000
乃逐桐門右師。,0012230
鄭駟歂殺鄧析，而用其竹刑。,0130130000130
君子謂子然：“於是不忠。茍有可以加於國家者，棄其邪可也。《靜女》之三章，取彤管焉。《竿旄》：何以告之，取其忠也。故用其道，不棄其人。《詩》云：蔽芾甘棠，勿翦勿伐，召伯所茇。思其人，猶愛其樹，況用其道而不恤其人乎！子然無以勸能矣。”,1301300000000013001300000000013000000130001300000000000000000000000000013130000001300000000000000000000000131313000
夏，陽虎歸寶玉、大弓，書曰“得”，器用也。,001301301300000001300
凡獲器用曰“得”，得用焉曰“獲”。,00130000000000000
六月，伐陽關。,1300130
陽虎使焚萊門。,1300130
師驚，犯之而出奔齊，請師以伐魯，曰：“三加，必取之。”,000000130000000000000000000
齊侯將許之。,130000
鮑文子諫曰：“臣嘗為隸於施氏矣，魯未可取也。上下猶和，眾庶猶睦，能事大國，而無天災，若之何取之？陽虎欲勤齊師也，齊師罷，大臣必多死亡，己於是乎奮其詐謀。夫陽虎有寵於季氏，而將殺季孫以不利魯國，而求容焉。親富不親仁，君焉用之？君富於季氏，而大於魯國，茲陽虎所欲傾覆也。魯免其疾，而君又收之，無乃害乎？”,123000000000130000000013000130000013000130123000130013001300130013000000013001300013000013000130013000000000000000013000013001300130000000000000130000
齊侯執陽虎，將東之。,1301300000
陽虎愿東，乃囚諸西鄙。,13000000130
盡借邑人之車，鍥其軸，麻約而歸之。,00130000000000000
載蔥靈，寢於其中而逃。,01300013000
追而得之，囚於齊。,000000000
又以蔥靈逃，奔宋，遂奔晉，適趙氏。,00130000000000130
仲尼曰：“趙氏其世有亂乎！”,13000130000000
秋，齊侯伐晉夷儀。,001300130
敝無存之父將室之，辭，以與其弟，曰：“此役也，不死，反，必娶於高、國。”,123000000000000000000000000000000000
先登，求自門出，死於溜下。,0000000000000
東郭書讓登，犁彌從之，曰：“子讓而左，我讓而右，使登者絕而後下。”,123000130000000000000000000013000
書左，彌先下。,0000000
書與王猛息。,001300
猛曰：“我先登。”,000000000
書斂甲，曰：“曩者之難，今又難焉！”,013000000000000000
猛笑曰：“吾從子，如驂之有靳。”,0000000000000000
晉車千乘在中牟，衛侯將如五氏，卜過之，龜焦，衛侯曰：“可也！衛車當其半，寡人當其半，敵矣。”,0000013013001300000000130000000000001300000000
乃過中牟。,00130
中牟人欲伐之。,1230000
衛褚師圃亡在中牟，曰：“衛雖小，其君在焉，未可勝也。齊師克城而驕，其帥又賤，遇，必敗之，不如從齊。”,01230013000000000000000000130000000000000000130000
乃伐齊師，敗之。,00130000
齊侯致禚、媚、杏於衛。,13000000000
齊侯賞犁彌，犁彌辭曰：“有先登者，臣從之，晳幘而衣貍制。”,13013013000000000000000001300
公使視東郭書，曰：“乃夫子也--吾貺子。”,000123000000001300000
公賞東郭書，辭曰：“彼，賓旅也。”,00123000000013000
乃賞犁彌。,00130
齊師之在夷儀也，齊侯謂夷儀人曰：“得敝無存者，以五家免。”,13001300130123000012300000000
乃得其尸。,00000
公三禭之，與之犀軒與直蓋，而先歸之。,000000013013000000
坐引者，以師哭之，親推之三。,00000000000000
,
十年，春，及齊平。,130000000
夏，公會齊侯于祝其，實夾穀。,00001301300130
孔丘相，犁彌言於齊侯曰：“孔丘知禮而無勇，若使萊人以兵劫魯侯，必得志焉。”,1300130013000131300000013000130013000
齊侯從之。,13000
孔丘以公退，曰：“士兵之！兩君合好，而裔夷之俘以兵亂之，非齊君所以命諸侯也。裔不謀夏，夷不亂華，俘不干盟，兵不偪好--於神為不祥，於德為愆義，於人為失禮，君必不然。”,13000000000000013001300000000131301300000000000000000000013000000000000000130000000
齊侯聞之，遽辟之。,130000000
將盟，齊人加於載書曰：“齊師出竟而不以甲車三百乘從我者，有如此盟！”,0001300130001313000131300000130000
孔丘使茲無還揖對，曰：“而不反我汶陽之田，吾以共命者亦如之！”,1301230000000000130000013000000
齊侯將享公。,130000
孔丘謂梁丘據曰：“齊、魯之故，吾子何不聞焉？事既成矣，而又享之，是勤執事也。且犧、象不出門，嘉樂不野合。饗而既具，是棄禮也；若其不具，用秕稗也。用秕稗，君辱；棄禮，名惡。子盍圖之！夫享，所以昭德也。不昭，不如其已也。”,1301230000000001300000000000000000130000000130130130000000130000000013000130000130000000000000013000001300000
乃不果享。,00000
齊人來歸鄆、讙、龜陰之田。,1300000013000
晉趙鞅圍衛，報夷儀也。,01300001300
初，衛侯伐邯鄲午於寒氏，城其西北而守之，宵熸。,00130123013000130000000
及晉圍衛，午以徒七十人門於衛西門，殺人於門中，曰：“請報寒氏之役。”,0000000013000013000013000000130000
涉佗曰：“夫子則勇矣；然我往，必不敢啟門。”,1300000000000000000000
亦以徒七十人旦門焉，步左右，皆至而立如植。,000130000001300000000
日中不啟門，乃退。,130000000
反役，晉人討衛之叛故，曰：“由涉佗、成何。”,0001300000000001301300
於是執涉佗，以求成於衛。,000130013000
衛人不許。,13000
晉人遂殺涉佗，成何奔燕。,130013013000
君子曰：“此之謂棄禮，必不鈞。《詩》曰：‘人而無禮，胡不遄死？’涉佗亦遄矣哉！”,1300000013000000000000013000130013000000
初，叔孫成子欲立武叔，公若藐固諫曰：“不可。”,00122300130123000000000
成子立之而卒。,1300000
公南使賊射之，不能殺。,13000000000
公南為馬正，使公若為郈宰。,1301300130130
武叔既定，使郈馬正侯犯殺公若，弗能。,131300013130130000
其圉人曰：“吾以劍過朝，公若必曰：‘誰之劍也？’吾稱子以告，必觀之。吾偽固而授之末，則可殺也。”,013000000000130000000000000000000000000000000000
使如之。,0000
公若曰：“爾欲吳王我乎？”,1300000130000
遂殺公若。,00130
侯犯以郈叛，武叔懿子圍郈。,1300001223000
弗克。,000
秋，二子及齊師復圍郈，弗克。,00000130000000
叔孫謂郈工師駟赤曰：“郈非唯叔孫氏之憂，社稷之患也，將若之何？”,13001313000000123000130000012300
對曰：“臣之業在《揚水》卒章之四言矣。”,00000000013013013000
叔孫稽首。,13130
駟赤謂侯犯曰：“居齊、魯之際而無事，必不可矣。子盍求事於齊以臨民？不然，將叛。”,1301300000000000000130000000000000000000
侯犯從之。,13000
齊使至。,1300
駟赤與郈人為之宣言於郈中曰：“侯犯將以郈易于齊，齊人將遷郈民。”,13013001301300013000000013001300
眾兇懼。,0130
駟赤謂侯犯曰：“眾言異矣。子不如易於齊，與其死也，猶是郈也，而得紓焉，何必此？齊人欲以此偪魯，必倍與子地。且盍多舍甲於子之門以備不虞。”,13013000000000130000130000000000000130013000000000000000000000001300
侯犯曰：“諾。”,13000000
乃多舍甲焉。,000000
侯犯請易於齊，齊有司觀郈。,1300000013000
將至，駟赤使周走呼曰：“齊師至矣！”,000130000000130000
郈人大駭，介侯犯之門甲，以圍侯犯。,13000013013000130
駟赤將射之，侯犯止之曰：“謀免我。”,130000130000000000
侯犯請行，許之。,13000000
駟赤先如宿，侯犯殿。,1300001300
每出一門，郈人閉之。,0000013000
及郭門，止之，曰：“子以叔孫氏之甲出，有司若誅之，群臣懼死。”,0130000000001230000130000000000
駟赤曰：“叔孫氏之甲有物，吾未敢以出。”,13000123000000000000
犯謂駟赤曰：“子止而與之數。”,001300000000000
駟赤止，而納魯人。,130000130
侯犯奔齊。,13000
齊人乃致郈。,130000
宋公子地嬖蘧富獵，十一分其室，而以其五與之。,0123012301300000000000
公子地有白馬四，公嬖向魋，魋欲之。,12301300001300000
公取而朱其尾、鬣以與之。,000000000000
地怒，使其徒抶魋而奪之。,000000000000
魋懼，將走，公閉門而泣之，目盡腫。,00000000000000000
母弟辰曰：“子分室以與臘也，而獨卑魋，亦有頗焉。子為君禮，不過出竟，君必止子。”,1300000000000000000000000000013000000000
公子地出奔陳，公弗止。,12313000000
辰為之請，弗聽。,00000000
辰曰：“是我迋吾兄也。吾以國人出，君誰與處？”,00000000000001300000000
冬，母弟辰暨仲佗、石彄出奔陳。,001300130131300
武叔聘于齊，齊侯享之，曰：“子叔孫！若使郈在君之他竟，寡人何知焉？屬與敝邑際，故敢助君憂之。”,13000013000000123000000000013000000130000000000
對曰：“非寡君之望也。所以事君，封疆社稷是以，敢以家隸勤君之執事？夫不令之臣，天下之所惡也，君豈以為寡君賜？”,0000013000013000131300000130001300130001300000000013000
,
十一年，春，宋公母弟辰暨仲佗、石彄、公子地入于蕭以叛。,123000131300130130123000000
秋，樂大心從之，大為宋患，寵向魋故也。,0012300000000013000
冬，及鄭平，始叛晉也。,00000000000
,
十二年，夏，衛公孟彄伐曹，克郊。,1230001223000000
還，滑羅殿。,001300
未出，不退於列。,00000000
其御曰：“殿而在列，其為無勇乎！”,00000000000000000
羅曰：“與其素厲，寧為無勇。”,000013000000000
仲由為季氏宰，將墮三都，於是叔孫氏墮郈。,13013000013013123000
季氏將墮費，公山不狃、叔孫輒帥費人以襲魯。,130000122301230130000
公與三子入于季氏之宮，登武子之臺。,00000013000013000
費人攻之，弗克。,13000000
入及公側，仲尼命申句須、樂頎下，伐之，費人北。,00000130123013000001300
國人追之，敗諸姑蔑。,1300000130
二子奔齊，遂墮費。,000000000
將墮成，公斂處父謂孟孫：“墮成，齊人必至于北門。,000012230130000013000130
且成，孟氏之保障也。,0001301300
無成，是無孟氏也。,000001300
子偽不知，我將不墮。”,00000000000
冬，十二月，公圍成，弗克。,0012300000000
,
十三年，春，齊侯、衛侯次于垂葭，實郥氏。,12300013013001300130
使師伐晉。,00000
將濟河，諸大夫皆曰不可，邴意茲曰：“可。銳師伐河內，傳必數日而後及絳。絳不三月不能出河，則我既濟水矣。”,0000013000001230000013013000001300000000000000000000
乃伐河內。,00130
齊侯皆斂諸大夫之軒，唯邴意茲乘軒。,13000130000123000
齊侯欲與衛侯乘，與之宴而駕乘廣，載甲焉。,13001300000001300000
使告曰：“晉師至矣！”,00000130000
齊侯曰：“比君之駕也，寡人請攝。”,13000000000130000
乃介而與之乘，驅之。,0000000000
或告曰：“無晉師。”,0000001300
乃止。,000
晉趙鞅謂邯鄲午曰：“歸我衛貢五百家，吾舍諸晉陽。”,1230123000000013000001300
午許諾。,0130
歸告其父兄。,000130
父兄皆曰：“不可。衛是以為邯鄲，而寘諸晉陽，絕衛之道也。不如侵齊而謀之。”,1300001300000130000130000000130000000
乃如之，而歸之于晉陽。,00000000130
趙孟怒，召午，而囚諸晉陽，使其從者說劍而入，涉賓不可。,130000000013000130000013000
乃使告邯鄲人曰：“吾私有討於午也，二三子唯所欲立。”,00012300000000000130000000
遂殺午。,0000
趙稷、涉賓以邯鄲叛。,1301301300
夏，六月，上軍司馬籍秦圍邯鄲。,001301223130130
邯鄲午，荀寅之甥也；荀寅，范吉射之姻也，而相與睦，故不與圍邯鄲，將作亂。,123013000013012300000130000001300130
董安于聞之，告趙孟，曰：“先備諸？”,123000013000000000
趙孟曰：“晉國有命，始禍者死，為後可也。”,130001300000000000000
安于曰：“與其害於民，寧我獨死。請以我說。”,1300013000000000000000
趙孟不可。,13000
秋七月，范氏、中行氏伐趙氏之宮，趙鞅奔晉陽，晉人圍之。,013013012301300013013013000
范皋夷無寵於范吉射，而欲為亂於范氏。,123000123000000130
梁嬰父嬖於知文子，文子欲以為卿。,1230012301300000
韓簡子與中行文子相惡，魏襄子亦與范昭子相惡。,1230122300012300123000
故五子謀，將逐荀寅，而以梁嬰父代之；逐范吉射，而以范皋夷代之。,0000000130001230000123000123000
荀躒言於晉侯曰：“君命大臣，始禍者死，載書在河。今三臣始禍，而獨逐鞅，刑已不鈞矣。請皆逐之。”,13001300000130000001300000000000000000000000000
冬十一月，荀躒、韓不信、魏曼多奉公以伐范氏、中行氏，弗克。,01230130123012300001301230000
二子將伐公。,000000
齊高強曰：“三折肱知為良醫。唯伐君為不可，民弗與也。我以伐君在此矣。三家未睦，可盡克也。克之，君將誰與？若先伐君，是使睦也。”,123000013001300000000000000000000000000000000000000000000000000
弗聽，遂伐公。,0000000
國人助公，二子敗，從而伐之。,13000000000000
丁未，荀寅、士吉射奔朝歌。,1301301230130
韓、魏以趙氏為請。,000013000
十二月辛末，趙鞅入于絳，盟于公宮。,12223013000000130
初，衛公叔文子朝，而請享靈公。,001222300000130
退，見史鰍而告之。,000130000
史鰍曰：“子必禍矣！子富而君貪，其及子乎！”,1300000000000000000000
文子曰：“然。吾不先告子，是吾罪也。君既許我矣，其若之何？”,130000000000000000000000012300
史鰍曰：“無害。子臣，可以免。富而能臣，必免於難。上下同之。戍也驕，其亡乎！富而不驕者鮮，吾唯子之見。驕而不亡者，未之有也。戍必與焉。”,13000000000130000000000001300000000000000000000000000000000000000000
及文子卒，衛侯始惡於公叔戍，以其富也。,0130013000123000000
公叔戍又將去夫人之黨，夫人愬之曰：“戍將為亂。”,123000130001300000000000
,
十四年，春，衛侯逐公叔戍與其黨，故趙陽奔宋，戍來奔。,12300013012300000130000000
梁嬰父惡董安于，謂知文子曰：“不殺安于，使終為政於趙氏，趙氏必得晉國，盍以其先發難也討於趙氏？”,123012300123000001300000013013001300000130001300
文子使告於趙孟曰：“范、中行氏雖信為亂，安于則發之，是安于與謀亂也。晉國有命，始禍者死。二子既伏其罪矣，敢以告。”,130001300000123000001300000130000013000000000000000000000
趙孟患之。,13000
安于曰：“我死而晉國寧，趙氏定，將焉用生？人誰不死？吾死莫矣。”,13000000130013000000000000000000
乃縊而死。,00000
趙孟尸諸市，而告於知氏曰：“主命戮罪人安于，既伏其罪矣，敢以告。”,130000000130000001313000000000000
知伯從趙孟盟，而後趙氏定，祀安于於廟。,1301300131300013000
頓子牂欲事晉，背楚而絕陳好。,12300000000000
二月，楚滅頓。,1300000
夏，衛北宮結來奔，公叔戍之故也。,0001230001230000
吳伐越，越子句踐禦之，陳于槜李。,0000122300000130
句踐患吳之整也，使死士再禽焉，不動。,130000000130000000
使罪人三行，屬劍於頸，而辭曰：“二君有治，臣奸旗鼓。不敏於君之行前，不敢逃刑，敢歸死。”,01300000000000000000000130130000000013000000
遂自剄也。,01300
師屬之目，越子因而伐之，大敗之。,0000013000001300
靈姑浮以戈擊闔廬，闔廬傷將指，取其一屨。,12300013013013000000
還，卒於陘，去槜李七里。,000000013000
夫差使人立於庭，茍出入，必謂己曰：“夫差！而忘越王之殺而父乎？”,13000000013000000013000130000000
則對曰：“唯。不敢忘！”,000000000000
三年乃報越。,000000
晉人圍朝歌，公會齊侯、衛侯于脾、上梁之間，謀救范、中行氏。,13013000130130001300000001230
析成鮒、小王桃甲率狄師以襲晉，戰于絳中，不克而還。,1230122301300000013000000
士鮒奔周，小王桃甲入于朝歌。,13000122300130
秋，齊侯、宋公會于洮，范氏故也。,0013013000013000
衛侯為夫人南子召宋朝。,13012230130
會于洮，太子蒯聵獻盂于齊，過宋野。,00001223000000000
野人歌之曰：“既定爾婁豬，盍歸吾艾豭？”,13000000001300001300
太子羞之，謂戲陽速曰：“從我而朝少君，少君見我，我顧，乃殺之。”,13000012300000001301300000000000
速曰：“諾。”,0000000
乃朝夫人。,00130
夫人見太子。,130130
太子三顧，速不進。,130000000
夫人見其色，啼而走，曰：“蒯聵將殺餘。”,13000000000001300000
公執其手以登臺。,00000130
太子奔宋。,13000
盡逐其黨，故公孟彄出奔鄭，自鄭奔齊。,000000123130000000
太子告人曰：“戲陽速禍餘。”,13000001230000
戲陽速告人曰：“太子則禍餘。太子無道，使餘殺其母。餘不許，將戕於余，若殺夫人，將以餘說。餘是故許而弗為，以紓餘死。諺曰：‘民保於信’，吾以信義也。”,12300000130000131300000000000000000013000000013000000000000000000000000000
冬，十二月，晉人敗范、中行氏之師於潞，獲籍秦、高強。,00123013000123000000130130
又敗鄭師及范氏之師于百泉。,0013013000130
,
十五年，春，邾隱公來朝。,123000123000
子貢觀焉。,13000
邾子執玉高，其容仰；公受玉卑，其容俯。,1300000000000000000
子貢曰：“以禮觀之，二君者，皆有死亡焉。夫禮，死生存亡之體也，將左右、周旋，進退、俯仰，於是乎取之；朝、祀、喪、戎，於是乎觀之。今正月相朝，而皆不度，心已亡矣。嘉事不體，何以能久？高、仰，驕也；卑、俯，替也。驕近亂，替近疾，君為主，其先亡乎！”,13000000000000001300000131300000130130130130000000000000000000000130000013000000130000000000000000000000013001300000000000
吳之入楚也，胡子盡俘楚邑之近胡者。,00000013001300000
楚既定，胡子豹又不事楚，曰：“存亡有命，事楚何為？多取費焉。”,0130123013000001300000000000000
二月，楚滅胡。,1300000
夏，五月壬申，公薨。,0013130000
仲尼曰：“賜不幸言而中，是使賜多言者也。”,130000130000000130000
鄭罕達敗宋師于老丘。,0130130130
齊侯、衛侯次于蘧挐，謀救宋也。,130130013000000
秋，七月壬申，姒氏卒。,00131301300
不稱夫人，不赴，且不祔也。,0013000000000
葬定公，雨，不克襄事，禮也。,01300000130000
葬定姒，不稱小君，不成喪也。,01300013001300
冬，城漆，書不時告也。,00000000000
,
春秋左傳哀公,131313
,
元年，春，楚子圍蔡，報柏舉也。,130001300001300
里而栽，廣丈，高倍。,0000000000
夫屯晝夜九日，如子西之素。,0013000013000
蔡人男女以辨。,1313000
使疆于江、汝之間而還。,00000000000
蔡於是乎請遷于吳。,012300000
吳王夫差敗越于夫椒，報槜李也。,122300013001300
遂入越。,0000
越子以甲楯五千保于會稽，使大夫種因吳大宰嚭以行成。,1301313001300123012230130
吳子將許之。,130000
伍員曰：“不可。臣聞之：‘樹德莫如滋，去疾莫如盡。’昔有過澆殺斟灌以伐斟鄩，滅夏後相，後緍方娠，逃出自竇，歸于有仍，生少康焉。為仍牧正，惎澆能戒之。澆使椒求之，逃奔有虞，為之庖正，以除其害。虞思於是妻之以二姚，而邑諸綸，有田一成，有眾一旅。能布其德，而兆其謀，以收夏眾，撫其官職；使女艾諜澆，使季杼誘豷。遂滅過、戈，復禹之績，祀夏配天，不失舊物。今吳不如過，而越大於少康，或將豐之，不亦難乎！句踐能親而務施，施不失人，親不棄勞。與我同壤，而世為仇讎。於是乎克而弗取，將又存之，違天而長寇讎，後雖悔之，不可食已。姬之衰也，日可俟也。介在蠻夷，而長寇讎，以是求伯，必不行矣。”,1300013000000130000000000000130130013001230130000000000130013000013000000000000013130001300000013130000000000000000000000000000000001300013001300001300000000000000000000013000000000001300000000000130001300013000000001300001300000000000000000013000000000000000000000001300013000000000000
弗聽。,000
退而告人曰：“越十年生聚，而十年教訓，二十年之外，吳其為沼乎！”,00000000001300001301300000000000
三月，越及吳平。,13000000
吳入越，不書，吳不告慶、越不告敗也。,000000000000000000
夏，四月，齊侯、衛侯救邯鄲，圍五鹿。,001301301301300130
吳之入楚也，使召陳懷公。,000000001230
懷公朝國人而問焉，曰：“欲與楚者右，欲與吳者左。陳人從田，無田從黨。”,13013000000000000000000013000000000
逢滑當公而進，曰：“臣聞：國之興也以福，其亡也以禍。今吳未有福，楚未有禍，楚未可棄，吳未可從。而晉，盟主也；若以晉辭吳，若何？”,1300000000000000000000000000000000000000000000000013000000001300
公曰：“國勝君亡，非禍而何？”,000000000000000
對曰：“國之有是多矣，何必不復？小國猶復，況大國乎？臣聞：國之興也，視民如傷，是其福也；其亡也，以民為土芥，是其禍也。楚雖無德，亦不艾殺其民。吳日敝於兵，暴骨如莽，而未見德焉。天其或者正訓楚也，禍之適吳，其何日之有？”,0000000000000000130000130000000000000000000000000001300000000130001300000000013000000000001300000000000000000
陳侯從之。,13000
及夫差克越，乃修先君之怨。,0130000013000
秋，八月，吳侵陳，修舊怨也。,00130000001300
齊侯、衛侯會于乾侯，救范氏也。,130130013001300
師及齊師、衛孔圉、鮮虞人伐晉，取棘蒲。,0013012301230000130
吳師在陳，楚大夫皆懼，曰：“闔廬惟能用其民，以敗我於柏舉。今聞其嗣又甚焉，將若之何？”,1300001300000013000000000013000000000012300
子西曰：“二三子恤不相睦，無患吳矣。昔闔廬食不二味，居不重席，室不崇壇，器不彤鏤，宮室不觀，舟車不飾；衣服財用，擇不取費。在國，天有災癘，親巡孤寡而共其乏困。在軍，熟食者分而後敢食，其所嘗者，卒乘與焉。勤恤其民，而與之勞逸，是以民不罷勞，死知不曠。吾先大夫子常易之，所以敗我也。今聞夫差，次有臺榭陂池焉，宿有妃嬙嬪御焉；一日之行，所欲必成，玩好必從；珍異是聚，觀樂是務；視民如讎，而用之日新。夫先自敗也已，安能敗我？”,13000123000000000001300000001300000000130130001300013130000000000013000130001300001300130000000013000130000001301300130000000123130001300000013000131300000000000000000000130001300013000000000001300000130000000
冬，十一月，晉趙鞅伐朝歌。,0012301230130
,
二年，春，伐邾，將伐絞。,130000000000
邾人愛其土，故賂以漷、沂之田而受盟。,130000000000000000
初，衛侯游于郊，子南仆。,001300001300
公曰：“餘無子，將立女。”,0000000000000
不對。,000
他日又謂之，對曰：“郢不足以辱社稷，君其改圖。君夫人在堂，三揖在下，君命只辱。”,1300000000001301300013012300013000130000
夏，衛靈公卒。,0012300
夫人曰：“命公子郢為太子，君命也。”,130000123013013000
對曰：“郢異於他子，且君沒於吾手，若有之，郢必聞之。且亡人之子輒在。”,00000000000000000000000000013000000
乃立輒。,0000
六月乙酉，晉趙鞅納衛太子于戚。,131301230123000
宵迷，陽虎曰：“右河而南，必至焉。”,000130000000000000
使太子絻，八人衰绖，偽自衛逆者。,0130000130000000
告於門，哭而入，遂居之。,000000000000
哀公秋，八月，齊人輸范氏粟，鄭子姚、子般送之。,13001301301300123013000
士吉射逆之，趙鞅禦之，遇於戚。,123000130000000
陽虎曰：“吾車少，以兵車之旆與罕、駟兵車先陳。罕、駟自後隨而從之，彼見吾貌，必有懼心，於是乎會之，必大敗之。”,1300000000130000001300000000000000000000130000000013000
從之。,000
卜戰，龜焦。,000000
樂丁曰：“《詩》曰：‘爰始爰謀，爰契我龜。’謀協，以故兆詢可也。”,130000000000000000000000000130000
簡子誓曰：“范氏、中行氏反易天明，斬艾百姓，欲擅晉國而滅其君。寡君恃鄭而保焉。今鄭為不道，棄君助臣，二三子順天明，從君命，經德義，除詬恥，在此行也。克敵者，上大夫受縣，下大夫受郡，士田十萬，庶人工商遂，人臣隸圉免。志父無罪，君實圖之！若其有罪，絞縊以戮，桐棺三寸，不設屬辟，素車樸馬，無入于兆，下卿之罰也。”,1300001301231313013130001300000130000000001300000013001300130013001300000013001230001230000013013130013000013000000000000013000130000000013130000001300000
甲戌，將戰，郵無恤御簡子，衛太子為右。,1300001230130123000
登鐵上，望見鄭師眾，大子懼，自投于車下。,01301313001300000000
子良授太子綏，而乘之，曰：“婦人也。”,1301300000000013000
簡子巡列，曰：“畢萬，匹夫也，七戰皆獲，有馬百乘，死於牖下。群子勉之！死不在寇。”,13130000130130000000000000013000000000000
繁羽御趙羅，宋勇為右。,13013013000
羅無勇，麇之。,0000000
吏詰之，御對曰：“痁作而伏。”,000000000000000
衛太子禱曰：“曾孫蒯聵敢昭告皇祖文王、烈祖康叔，文祖襄公：鄭勝亂從，晉午在難，不能治亂，使鞅討之。蒯聵不敢自佚，備持矛焉。敢告無絕筋，無折骨，無面傷，以集大事，無作三祖羞。大命不敢請，佩玉不敢愛。”,123000012230131223012230122301300013000131300000013001300000000013001300130001300013001300001300000
鄭人擊簡子中肩，斃于車中，獲其蜂旗。,130130000013000130
太子救之以戈。,1300000
鄭師北，獲溫大夫趙羅。,13000122230
太子復伐之，鄭師大敗，獲齊粟千車。,13000013130000000
趙孟喜曰：“可矣。”,1300000000
傅叟曰：“雖克鄭，猶有知在，憂未艾也。”,13000000000000000000
初，周人與范氏田，公孫尨稅焉，趙氏得而獻之。,0013013001230001300000
吏請殺之。,00000
趙孟曰：“為其主也，何罪？”,13000000000000
止而與之田。,000000
及鐵之戰，以徒五百人宵攻鄭師，取蜂旗於子姚之幕下，獻，曰：“請報主德。”,000000013000130013013013000000000000
追鄭師，姚、般、公孫林殿而射，前列多死。,01300000123000013000
趙孟曰：“國無小。”,1300000000
既戰，簡子曰：“吾伏弢嘔血，鼓音不衰，今日我上也。”,00013000000130130001300000
太子曰：“吾救主於車，退敵於下，我，右之上也。”,130000000000000000000000
郵良曰：“我兩靷將絕，吾能止之，我，御之上也。”,130000000000000000000000
駕而乘材，兩靷皆絕。,0000000000
吳泄庸如蔡納聘。,12300130
而稍納師。,00000
師畢入，眾知之。,00000000
蔡侯告大夫，殺公子駟以說。,1301300123000
哭而遷墓。,00130
冬，蔡遷于州來。,00000130
,
三年，春，齊、衛圍戚，求援于中山。,00000000000130130
夏，五月辛卯，司鐸火。,00122301300
火逾公宮，桓、僖災。,0013000000
救火者皆曰顧府。,13000000
南宮敬叔至，命周人出御書，俟於宮，曰：“庀女，而不在，死。”,122300013013000000000000000000
子服景伯至，命宰人出禮書，以待命。,12230001301300130
命不共，有常刑。,01300130
校人乘馬，巾車脂轄，百官官備，府庫慎守，官人肅給。,1300013000130001300013130
濟濡帷幕，郁攸從之。,0013013000
蒙葺公屋，自太廟始，外內以悛。,001300130013000
助所不給。,00000
有不用命，則有常刑，無赦。,0013000130000
公父文伯至，命校人駕乘車。,1223000130130
季桓子至，御公立于象魏之外，命救火者傷人則止，財可為也。,1230013001300001300000000000
命藏象魏，曰：“舊章不可亡也。”,0013000013130000
富父槐至，曰：“無備而官辦者，猶拾瀋也。”,123000000001300013000
於是乎去表之槁，道還公宮。,1230000000130
孔子在陳，聞火，曰：“其桓、僖乎！”,130000000000000000
劉氏、范氏世為婚姻，萇弘事劉文公，故周與范氏。,13013001301301230000130
趙鞅以為討。,130000
六月癸卯，周人殺萇弘。,12230130130
秋，季孫有疾，命正常曰：“無死！南孺子之子，男也，則以告而立之；女也，則肥也可。”,00130000130000001230000000000000000000000
季孫卒，康子即位。,130013130
既葬，康子在朝。,00013000
南氏生男，正常載以如朝，告曰：“夫子有遺言，命其圉臣曰：南氏生男，則以告於君與大夫而立之。’今生矣，男也，敢告。”,130001300000000013013000130013000000000130000000000000000
遂奔衛。,0000
康子請退。,13000
公使共劉視之，則或殺之矣。,0013000000000
乃討之。,0000
召正常，正常不反。,013013000
冬，十月，晉趙鞅圍朝歌，師于其南，荀寅伐其郛，使其徒自北門入，己犯師而出。,0013012301300000013000000001300000000
癸醜，奔邯鄲。,1300130
十一月，趙鞅殺士皋夷，惡范氏也。,1230130123001300
,
四年，春，蔡昭將如吳。,13000130000
諸大夫恐其又遷也，承；公孫翩逐而射之，入於家人而卒。,01300000000123000000013000
以兩矢門之，眾莫敢進。,00000000000
文之鍇後至，曰：“如墻而進，多而殺二人。”,123000000000000000000
鍇執弓而先，翩射之，中肘；鍇遂殺之。,000000000000000000
故逐公孫辰而殺公孫姓、公孫盱。,001230012301230
夏，楚人既克夷虎，乃謀北方。,00130013000130
左司馬眅、申公壽餘、葉公諸梁致蔡於負函，致方城之外於繒關，曰：“吳將泝江入郢，將奔命焉。”,122301223012230001300130001300000000000013000
為一昔之期，襲梁及霍。,01300000000
單浮餘圍蠻氏，蠻氏潰。,12301301300
蠻子赤奔晉陰地。,12300130
司馬起豐、析與狄戎，以臨上雒。,130000013000130
左師軍于菟和，右師軍于倉野，使謂陰地之命大夫士蔑曰：“晉、楚有盟，好惡同之。若將不廢，寡君之愿也。不然，將通於少習以聽命。”,13001301300130001301222300000000013000000001300000000001301300
士蔑請諸趙孟。,1300130
趙孟曰：“晉國未寧，安能惡於楚？必速與之！”,1300013000000000000000
士蔑乃致九州之戎，將裂田以與蠻子而城之，且將為之卜。,13001300000000130000000000
蠻子聽卜，遂執之與其五大夫，以畀楚師于三戶。,1300000000013000130130
司馬致邑立宗焉，以誘其遺民，而盡俘以歸。,13000000000130000000
秋七月，齊陳乞、弦施、衛甯跪救范氏。,013012301301230130
庚午，圍五鹿。,1300130
九月，趙鞅圍邯鄲。,130130130
冬，十一月，邯鄲降。,0012301300
荀寅奔鮮虞，趙稷奔臨。,13013013000
十二月，弦施逆之，遂墮臨。,1230130000000
國夏伐晉，取邢、任、欒、鄗、逆畤、陰人、盂、壺口，會鮮虞，納荀寅于柏人。,130000000000001301300013001300130130
,
五年，春，晉圍柏人，荀寅、士吉射奔齊。,1300000130130123000
初，范氏之臣王生惡張柳朔，言諸昭子，使為柏人。,00130013012300013000130
昭子曰：“夫非而讎乎？”,130000000000
對曰：“私讎不及公，好不廢過，惡不去善，義之經也，臣敢違之？”,0000130000000000000000000000000
及范氏出，張柳朔謂其子：“爾從主，勉之！我將止死，王生授我矣，吾不可以僭之。”,013001230000000000000000013000000130000
遂死於柏人。,000130
夏，趙鞅伐衛，范氏之故也，遂圍中牟。,001300013000000130
齊燕姬生子，不成而死。,12300000000
諸子鬻姒之子荼嬖，諸大夫恐其為太子也，言於公曰：“君之齒長矣，未有太子，若之何？”,12230000001300013000000000013000013012300
公曰：“二三子間於憂虞，則有疾疢，亦姑謀樂，何憂於無君？”,00001230013000130000000000000
公疾，使國惠子、高昭子立荼，寘群公子於萊。,000012301230000013000
秋，齊景公卒。,0012300
冬，十月，公子嘉、公子駒、公子黔奔衛，公子鉏、公子陽生來奔。,001301230123012300012301223000
萊人歌之曰：“景公死乎不與埋，三軍之事乎不與謀，師乎師乎，何黨之乎？”,13000001300000013000000000000000000
鄭駟秦富而侈，嬖大夫也，而常陳卿之車服於其庭。,01300001230000000130000
鄭人惡而殺之。,1300000
子思曰：“《詩》曰：‘不解于位，民之攸墍。’不守其位而能久者鮮矣。商頌曰：‘不僭不濫，不敢怠皇，命以多福。’”,1300000000000000000000000000000001300000000001300013000
,
六年，春，晉伐鮮虞，治范氏之亂也。,13000001300130000
吳伐陳，復修舊怨也。,0000001300
楚子曰：“吾先君與陳有盟，不可以不救。”,13000013000000130000
乃救陳，師于城父。,000000130
齊陳乞偽事高、國者，每朝，必驂乘焉。,123000000000001300
所從，必言諸大夫曰：“彼皆偃蹇，將棄子之命。皆曰：‘高、國得君，必偪我，盍去諸？’固將謀子，子早圖之！圖之，莫如盡滅之。需，事之下也。”,00000013000001300000000000000130000000000000000000000000000000000000
及朝，則曰：“彼，虎狼也。見我在子之側，殺我無日矣，請就之位。”,00000000013000000000001300000000
又謂諸大夫曰：“二子者禍矣，恃得君而欲謀二三子，曰：國之多難，貴寵之由，盡去之而後君定。’既成謀矣，盍及其未作也，先諸？作而後悔，亦無及也。”,00013000000000013000130000001301300000013000001300000000000001300000000
大夫從之。,13000
夏，六月戊辰，陳乞、鮑牧及諸大夫以甲入于公宮。,00131301301300130000130
昭子聞之，與惠子乘如公。,130000130000
戰于莊，敗。,000000
國人追之，國夏奔莒，遂及高張、晏圉、弦施來奔。,13000130000013013013000
秋，七月，楚子在城父，將救陳。,001301301300000
卜戰，不吉；卜退，不吉。,000000000000
王曰：“然則死也。再敗楚師，不如死；棄盟、逃讎，亦不如死。死一也。其死讎乎！”,000000000001301300000000013000000000000
命公子申為王，不可；則命公子結，亦不可；則命公子啟，五辭而後許。,01230000000012300000001230001300
將戰，王有疾。,0000000
庚寅，昭王攻大冥，卒于城父。,13013013000130
子閭退，曰：“君王舍其子而讓，群臣敢忘君乎？從君之命，順也；立君之子，亦順也。二順不可失也。”,13000001300000000000000000000000000000000130000
與子西、子期謀，潛師閉涂，逆越女之子章立之，而後還。,01301300130000130000001300
是歲也，有云如眾赤鳥，夾日以飛三日。,000000001301300000
楚子使問諸周大史。,130001230
周大史曰：“其當王身乎！若萗之，可移於令尹、司馬。”,12300000000000000001301300
王曰：“除腹心之疾，而寘諸股肱，何益？不穀不有大過，天其夭諸？有罪受罰，又焉移之？”,000001300000013000013001300000000000000000
遂弗萗。,0000
初，昭王有疾，卜曰：“河為祟。”,0013000000000000
王弗祭。,0000
大夫請祭諸郊。,1300000
王曰：“三代命祀，祭不越望。江、漢、雎、漳，楚之望也。禍福之至，不是過也。不穀雖不德，河非所獲罪也。”,000013130000000000000000000130000000013013000013000
遂弗祭。,0000
孔子曰：“楚昭王知大道矣。其不失國也，宜哉！夏書曰：‘惟彼陶唐，帥彼天常，有此冀方。今失其行，亂其紀綱，乃滅而亡。’又曰：‘允出茲在茲。’由己率常，可矣。”,130001230130000130000013000001300013000130000000013000000000000000000000000000
八月，齊邴意茲來奔。,1301223000
陳僖子使召公子陽生。,1230012230
陽生駕而見南郭且于，曰：“嘗獻馬於季孫，不入於上乘，故又獻此，請與子乘之。”,13000122300000000130000130000000000000
出萊門而告之故。,01300000
闞止知之，先待諸外。,1300000000
公子曰：“事未可知，反，與壬也處。”,130000000000000000
戒之，遂行。,000000
逮夜，至於齊，國人知之。,000000013000
僖子使子士之母養之，與饋者皆入。,1301300000000000
冬，十月丁卯，立之。,0012230000
將盟，鮑子醉而往。,000130000
其臣差車鮑點曰：“此誰之命也？”,0000130000000000
陳子曰：“受命于鮑子。”,130001301300
遂誣鮑子曰：“子之命也！”,0013000000000
鮑子曰：“女忘君之為孺子牛而折其齒乎，而背之也？”,1300000000123000000000000
悼公稽首，曰：“吾子，奉義而行者也。若我可，不必亡一大夫；若我不可，不必亡一公子。義則進，否則退，敢不唯子是從？廢興無以亂，則所愿也。”,13130000000130000000000000130000000000130000000000000000000000000000
鮑子曰：“誰非君之子？”,130000000000
乃受盟。,0000
使胡姬以安孺子如賴，去鬻姒，殺王甲，拘江說，囚王豹于句竇之丘。,0130123000013001300130013013000
公使朱毛告於陳子，曰：“微子，則不及此。然君異於器，不可以二。器二不匱，君二多難，敢布諸大夫。”,001300130000000000000000000130000000001300001300
僖子不對而泣，曰：“君舉不信群臣乎？以齊國之困，困又有憂，少君不可以訪，是以求長君，庶亦能容群臣乎！不然夫孺子何罪？”,13000000000000000001300000000130130013013000000000000130000
毛復命，公悔之。,01300000
毛曰：“君大訪於陳子，而圖其小可也。”,0000000013000000000
使毛遷孺子於駘。,00013000
不至，殺諸野幕之下，葬諸殳冒淳。,0000013000001230
,
七年，春，宋師侵鄭，鄭叛晉故也。,1300013000000000
晉師侵衛，衛不服也。,1300000000
夏，公會吳于鄫。,00000000
吳來徵百牢。,000130
子服景伯對曰：“先王未之有也。”,1223000013000000
吳人曰：“宋百牢我，魯不可以後宋。且魯牢晉大夫過十，吳王百牢，不亦可乎？”,1300001300001300000012300013130130000
景伯曰：“晉范鞅貪而棄禮，以大國懼敝邑，故敝邑十一牢之，君若以禮命於諸侯，則有數矣。若亦棄禮，則有淫者矣。周之王也，制禮，上物不過十二，以為天之大數也。今棄周禮，而曰必百牢，亦唯執事。”,130000130013001301300131300000000013000000001300000000000000013001300000130000130000130001300
吳人弗聽。,13000
景伯曰：“吳將亡矣，棄天而背本。不與，必棄疾於我。”,13000000001301300000000000
乃與之。,0000
大宰嚭召季康子，康子使子貢辭。,123012301301300
大宰嚭曰：“國君道長，而大夫不出門，此何禮也？”,123000130000130130000000
對曰：“豈以為禮？畏大國也。大國不以禮命於諸侯，茍不以禮，豈可量也？寡君既共命焉，其老豈敢棄其國？大伯端委以治周禮，仲雍嗣之，斷發文身，裸以為飾，豈禮也哉？有由然也。”,000000000013001300000130000000000013013000000000013130013013000001300000000000000000
反自鄫，以吳為無能為也。,000000000000
季康子欲伐邾，乃饗大夫以謀之。,123000000130000
子服景伯曰：“小所以事大，信也；大所以保小，仁也。背大國，不信；伐小國，不仁。民保於城，城保於德。失二德者，危，將焉保？”,1223000013000000013000000013000001300000000000000013000000000
孟孫曰：“二三子以為何如？惡賢而逆之？”,13000123000000000000
對曰：“禹合諸侯於涂山，執玉帛者萬國。今其存者，無數十焉，唯大不字小、小不事大也。知必危，何故不言？魯德如邾，而以眾加之，可乎？”,00000013013001301300000000000000000000000000000000000000000000000
不樂而出。,00000
秋，伐邾，及范門，猶聞鐘聲。,00000013000130
大夫諫，不聽。,1300000
茅成子請告於吳，不許，曰：“魯擊柝聞於邾；吳二千里，不三月不至，何及於我？且國內豈不足？”,123000000000000000000013000000000000001300000
成子以茅叛，師遂入邾，處其公宮。,1300000000000130
眾師晝掠，邾眾保于繹。,00000000000
師宵掠，以邾子益來，獻于亳社，囚諸負瑕，負瑕故有繹。,00000123000013000130130000
邾茅夷鴻以束帛乘韋自請救於吳，曰：“魯弱晉而遠吳，馮恃其眾，而背君之盟，辟君之執事，以陵我小國。邾非敢自愛也，懼君威之不立。君威之不立，小國之憂也。若夏盟於鄫衍，秋而背之，成求而不違，四方諸侯其何以事君？且魯賦八百乘，君之貳也；邾賦六百乘，君之私也。以私奉貳，唯君圖之！”,0123013130130000000000000130000000000001300001300001300000000000000013000000001300000000000013130000000001300000000013000000000000000000
吳子從之。,13000
宋人圍曹，鄭桓子思曰：“宋人有曹，鄭之患也，不可以不救。”,13000123000013000000000130000
冬，鄭師救曹，侵宋。,0013000000
初，曹人或夢眾君子立于社宮，而謀亡曹。,0013000130013000000
曹叔振鐸請待公孫強，許之。,0123001230000
旦而求之，曹無之。,000000000
戒其子曰：“我死，爾聞公孫強為政，必去之。”,0000000000012300000000
及曹伯陽即位，好田弋。,01231300130
曹鄙人公孫強好弋，獲白雁，獻之，且言田弋之說，說之。,01312313001300000013000000
因訪政事，大說之。,001300000
有寵，使為司城以聽政。,00000130130
夢者之子乃行。,0000000
強言霸說於曹伯，曹伯從之，乃背晉而奸宋。,00000130130000000000
宋人伐之，晉人不救，筑五邑於其郊，曰黍丘、揖丘、大城、鐘、邘。,1300013000013000001301301300000
,
八年，春，宋公伐曹將還，褚師子肥殿。,130001300000122300
曹人詬之，不行。,13000000
師待之。,0000
公聞之，怒，命反之，遂滅曹，執曹伯陽及司城強以歸，殺之。,0000000000000001230123000000
吳為邾故，將伐魯，問於叔孫輒。,000000000001230
叔孫輒對曰：“魯有名而無情，伐之必得志焉。”,1230000013013000013000
退而告公山不狃。,00012230
公山不狃曰：“非禮也。君子違，不適讎國。未臣而有伐之，奔命焉，死之可也。所托也則隱。且夫人之行也，不以所惡廢鄉。今子以小惡而欲覆宗國，不亦難乎？若使子率，子必辭。王將使我。”,122300013001300001300000000130000000000000000000000000000001300013000000000000000000000
子張疾之。,13000
王問於子泄。,000130
對曰：“魯雖無與立，必有與斃；諸侯將救之，未可以得志焉。晉與齊、楚輔之，是四讎也。夫魯，齊、晉之唇。唇亡齒寒，君所知也，不救何為？”,000000000000000130000013130000000000000000000000000000000000000000
三月，吳伐我，子泄率，故道險，從武城。,1300000130000000130
初，武城人或有因於吳竟田焉，拘鄫人之漚菅者，曰：“何故使吾水滋？”,001230000000000130130000000000000
及吳師至，拘者道之以伐武城，克之。,01300000000130000
王犯嘗為之宰，澹臺子羽之父好焉，國人懼。,13000001223000001300
懿子謂景伯：“若之何？”,130130012300
對曰：“吳師來，斯與之戰，何患焉？且召之而至，又何求焉？”,00001300000000000000000000000
吳師克東陽而進，舍於五梧。,1301300000130
明日，舍於蠶室。,13000130
公賓庚、公甲叔子與戰于夷，獲叔子與析朱鉏，獻於王。,1230122300000013012300000
王曰：“此同車，必使能，國未可望也。”,0000013000000000000
明日，舍于庚宗，遂次於泗上。,13000130000130
微虎欲宵攻王舍，私屬徒七百人三踴於幕庭，卒三百人，有若與焉。,130001300001300001300130013000
及稷門之內，或謂季孫曰：“不足以害吳，而多殺國士，不如已也。”,0130000013000013000000130130000
乃止之。,0000
吳子聞之，一夕三遷。,1300013000
吳人行成，將盟，景伯曰：“楚人圍宋，易子而食，析骸而爨，猶無城下之盟；我未及虧，而有城下之盟，是棄國也。吳輕而遠，不能久，將歸矣，請少待之。”,13130000130001300000000000000013000000000013000013000000013000000000000
弗從。,000
景伯負載，造於萊門。,1313000130
乃請釋子服何於吳，吳人許之，以王子姑曹當之，而後止。,00013000013000012230001300
吳人盟而還。,130000
齊悼公之來也，季康子以其妹妻之，即位而逆之。,1230000123000000130000
季魴侯通焉，女言其情，弗敢與也。,1230000000000000
齊侯怒。,1300
夏，五月，齊鮑牧帥師伐我，取讙及闡。,001301230000000000
或譖胡姬於齊侯曰：“安孺子之黨也。”,001301300012300000
六月，齊侯殺胡姬。,130130130
齊侯使如吳請師，將以伐我，及歸邾子。,130000000000000130
邾子又無道，吳子使大宰子餘討之，囚諸樓臺，栫之以棘。,13013013012230000013000000
使諸大夫奉太子革以為政。,001301230000
秋，及齊平。,000000
九月，臧賓如如齊蒞盟。,13012300130
齊閭丘明來蒞盟，且逆季姬以歸，嬖。,01230130001300000
鮑牧又謂群公子曰：“使女有馬千乘乎？”,1300013000000000000
公子愬之。,13000
公謂鮑子：“或譖子，子姑居於潞以察之。若有之，則分室以行；若無之，則反子之所。”,0013000000000000000000000000000000000000
出門，使以三分之一行；半道，使以二乘。,1300012230013000130
及潞，麇之以入，遂殺之。,000000000000
冬，十二月，齊人歸讙及闡，季姬嬖故也。,0012301300000130000
,
九年，春，齊侯使公孟綽辭師于吳。,1300013012300000
吳子曰：“昔歲寡人聞命，今又革之，不知所從，將進受命於君。”,130001313130000000000000130000
鄭武子剩之嬖許瑕求邑，無以與之。,0123001300000000
請外取，許之，故圍宋雍丘。,0000000001230
宋皇瑗圍鄭師，每日遷舍，壘合。,013013013130000
鄭師哭。,1300
子姚救之，大敗。,13000130
二月甲戌，宋取鄭師于雍丘，使有能者無死，以郟張與鄭羅歸。,1223000130130000000001301300
夏，楚人伐陳，陳即吳故也。,0013000000000
宋公伐鄭。,13000
秋，吳城邗，溝通江、淮。,000000000000
晉趙鞅卜救鄭，遇水適火，占諸史趙、史墨、史龜。,12300000000000130130130
史龜曰：“是謂沈陽，可以興兵，利以伐姜，不利子商。伐齊則可，敵宋不吉。”,130000000013130000000013000000000000
史墨曰：“盈，水名也；子，水位也。名位敵，不可干也。炎帝為火師，姜姓其後也。水勝火，伐姜則可。”,130000000000013000000130001301301300000000000000
史趙曰：“是謂如川之滿，不可游也。鄭方有罪，不可救也。救鄭則不吉，不知其他。”,130000000000130000013013000000000001300
陽虎以《周易》筮之，遇泰之需曰：“宋方吉，不可與也。微子啟，帝乙之元子也。宋、鄭，甥舅也。祉，祿也。若帝乙之元子歸妹而有吉祿，我安得吉焉？”,1300130000000000000001300012301301300000013000000001301313001300000000
乃止。,000
冬，吳子使來儆師伐齊。,00130000000
,
十年，春，邾隱公來奔；齊甥也，故遂奔齊。,13000123000000000000
公會吳子、邾子、郯子伐齊南鄙，師于鄎。,0013013013001300000
齊人弒悼公，赴于師。,1301300000
吳子三日哭于軍門之外。,13000013000
徐承帥舟師將自海入齊，齊人敗之，吳師乃還。,130130000001300013000
夏，趙鞅帥師伐齊，大夫請卜之。,001300000130000
趙孟曰：“吾卜於此起兵，事不再令，卜不襲吉。行也！”,13000000013000000001300000
於是乎取犁及轅，毀高唐之郭，侵及賴而還。,12300000013000000000
秋，吳子使來復儆師。,0013000000
冬，楚子期伐陳，吳延州來季子救陳，謂子期曰：“二君不務德，而力爭諸侯，民何罪焉？我請退，以為子名，務德而安民。”,00123000012223000013000000000000130000000000000000001300
乃還。,000
,
十一年，春，齊為鄎故，國書、高無丕帥師伐我，及清。,1230000000013012300000000
季孫謂其宰冉求曰：“齊師在清，必魯故也，若之何？”,1300013000130000000012300
求曰：“一子守，二子從公禦諸竟。”,00000000000000000
季孫曰：“不能。”,130000000
求曰：“居封疆之間。”,00000130000
季孫告二子，二子不可。,13000000000
求曰：“若不可，則君無出。一子帥師，背城而戰，不屬者，非魯人也。魯之群室眾於齊之兵車，一室敵車優矣，子何患焉？二子之不欲戰也宜，政在季氏。當子之身，齊人伐魯而不能戰，子之恥也，大不列於諸侯矣。”,0000013000000000001300000000130000000000130000000000000000000000001300000013000130000000000013000
季孫使從於朝，俟於黨氏之溝。,13000000013000
武叔呼而問戰焉。,13000000
對曰：“君子有遠處，小人何知？”,0000130130130000
懿子強問之，對曰：“小人慮材而言，量力而共者也。”,1300000000131300013000000
武叔曰：“是謂我不成丈夫也。”,130000000013000
退而搜乘。,00000
孟孺子泄帥右師，顏羽御，邴泄為右。,12230130130013000
冉求帥左師，管周父御，樊遲為右。,1301301230013000
季孫曰：“須也弱。”,1300000000
有子曰：“就用命焉。”,13000013000
季氏之甲七千，冉有以武城人三百為己徒卒，老幼守宮，次于雩門之外。,13001301301231300130130000013000
五日，右師從之。,00013000
公叔務人見保者而泣，曰：“事充，政重，上不能謀，士不能死，何以治民？吾既言之矣，敢不勉乎！”,1223013000000000000013000130000000000000000000
師及齊師戰于郊。,00130000
齊師自稷曲，師不逾溝。,13013000000
樊遲曰：“非不能也，不信子也，請三刻而逾之。”,13000000000000001300000
如之，眾從之。,0000000
師入齊軍。,00130
右師奔，齊人從之。,130013000
陳瓘、陳莊涉泗。,13013000
孟之側後入以為殿，抽矢策其馬，曰：“馬不進也。”,123000000000000000000000
林不狃之伍曰：“走乎？”,123000000000
不狃曰：“誰不如？”,1300000000
曰：“然則止乎？”,000130000
不狃曰：“惡賢？”,130000000
徐步而死。,13000
師獲甲首八十，齊人不能師。,0013130131300
宵諜曰：“齊人遁。”,0000013000
冉有請從之三，季孫弗許。,130000013000
孟孺子語人曰：“我不如顏羽，而賢於邴泄。子羽銳敏，我不欲戰而能默，泄曰：‘驅之’。”,123000000001300001301313000000000000000000
公為與其嬖僮汪锜乘，皆死，皆殯。,1300131300000000
孔子曰：“能執干戈以衛社稷，可無殤也。”,13000001300130000000
冉有用矛於齊師，故能入其軍。,13000130000000
孔子曰：義也。,1300000
夏，陳轅頗出奔鄭。,001231300
初，轅頗為司徒，賦封田以嫁公女；有餘，以為己大器。,0013013001300000000000130
國人逐之，故出。,13000000
道渴，其族轅咺進稻醴、粱糗、腶脯焉。,000001301301301300
喜曰：“何其給也？”,0000130000
對曰：“器成而具。”,0000000000
曰：“何不吾諫？”,000000000
對曰：“懼先行。”,000000000
為郊戰故，公會吳子伐齊。,000000013000
五月，克博。,130000
壬申，至于嬴。,1300000
中軍從王，胥門巢將上軍，王子姑曹將下軍，展如將右軍。,13000123013012230130130130
齊國書將中軍，高無丕將上軍，宗樓將下軍。,01301301230130130130
陳僖子謂其弟書：“爾死，我必得志。”,123000000000001300
宗子陽與閭丘明相厲也。,12301230000
桑掩胥御國子。,1230130
公孫夏曰：“二子必死。”,123000000000
將戰，公孫夏命其徒歌虞殯。,0001230000130
陳子行命其徒具含玉。,1230000130
公孫揮命其徒曰：“人尋約，吳發短。”,123000000013000000
東郭書曰：“三戰必死，於此三矣。”,12300000000000000
使問弦多以琴，曰：“吾不復見子矣。”,001300000000000000
陳書曰：“此行也，吾聞鼓而已，不聞金矣。”,130000000000130000000
甲戌，戰于艾陵。,13000130
展如敗高子，國子敗胥門巢，王卒助之，大敗齊師，獲國書、公孫夏、閭丘明、陳書、東郭書，革車八百乘，甲首三千，以獻于公。,1301301301230130001313001301230123013012301313001313000000
將戰，吳子呼叔孫曰：“而事何也？”,00013013000000000
對曰：“從司馬。”,000001300
王賜之甲、劍鈹，曰：“奉爾君事，敬無廢命！”,0000013000000130001300
叔孫未能對。,130000
衛賜進，曰：“州仇奉甲從君。”,130000013000000
而拜。,000
公使大史固歸國子之元，寘之新篋，褽之以玄纁，加組帶焉。,001300130000000000013001300
寘書于其上，曰：“天若不識不衷，何以使下國？”,00000000000001300001300
吳將伐齊，越子率其眾以朝焉，王及列士皆有饋賂。,00000130000000001300130
吳人皆喜，唯子胥懼，曰：“是豢吳也夫！”,13000013000000001300
諫曰：“越在我，心腹之疾也，壤地同，而有欲於我。夫其柔服，求濟其欲也，不如早從事焉。得志於齊，猶獲石田也，無所用之。越不為沼，吳其泯矣。使醫除疾，而曰‘必遺類焉’者，未之有也。《盤庚》之誥曰：其有顛越不共，則劓殄無遺育，無俾易種于茲邑’，是商所以興也。今君易之，將以求大，不亦難乎？”,0000000013000013000000000013000000013013001300000130000000000000000000000000013000000000013000000013130000013000130000000130000000000000000000
弗聽。,000
使於齊，屬其子於鮑氏，為王孫氏。,0000000013001230
反役，王聞之，使賜之屬鏤以死。,000000000013000
將死，曰：“樹吾墓槚，槚可材也。吳其亡乎！三年，其始弱矣。盈必毀，天之道也。”,000000000000000000000000000000000000000
秋，季孫命修守備，曰：“小勝大，禍也，齊至無日矣。”,00130013000000000000013000
冬，衛大叔疾出奔宋。,0012231300
初，疾娶于宋子朝，其娣嬖。,0000001300000
子朝出，孔文子使疾出其妻，而妻之。,13001230000000000
疾使侍人誘其初妻之娣寘於犁，而為之一宮，如二妻。,001300130000000000000000
文子怒，欲攻之，仲尼止之。,1300000013000
遂奪其妻。,00000
或淫于外州，外州人奪之軒以獻。,000130123000000
恥是二者，故出。,00000000
衛人立遺，使室孔姞。,1300000130
疾臣向魋，納美珠焉，與之城鉏。,001300130000130
宋公求珠，魋不與，由是得罪。,13000000000130
及桓氏出，城鉏人攻大叔疾，衛莊公復之，使處巢，死焉，殯於鄖，葬於少禘。,01300123012301230000000000000000130
初，晉悼公子憖亡在衛，使其女仆而田，大叔懿子止而飲之酒，遂聘之，生悼子。,001230000000000000122300000000000130
悼子即位，故夏戊為大夫。,131300130130
悼子亡，衛人翦夏戊。,1300130130
孔文子之將攻大叔也，訪於仲尼。,123000130000130
仲尼曰：“胡簋之事，則嘗學之矣；甲兵之事，未之聞也。”,130001300000000013000000000
退，命駕而行，曰：“鳥則擇木，木豈能擇鳥？”,0000000000000000000000
文子遽止之曰：“圉豈敢度其私，訪衛國之難也。”,13000000000000001300000
將止，魯人以幣召之，乃歸。,0001300000000
季孫欲以田賦，使冉有訪諸仲尼。,130000001300130
仲尼曰：“丘不識也。”,13000000000
三發，卒曰：“子為國老，待子而行，若之何子之不言也？”,000000000130000001230000000
仲尼不對，而私於冉有曰：“君子之行也，度於禮：施取其厚，事舉其中，斂從其薄。如是，則以丘亦足矣。若不度於禮，而貪冒無厭，則雖以田賦，將又不足。且子季孫若欲行而法，則周公之典在；若欲茍而行，又何訪焉？”,1300000013000130000000000000000000000000000000000000000130000000000013001230000000130000000000000000
弗聽。,000
,
十二年，春，王正月，用田賦。,12300001300000
夏，五月，昭夫人孟子卒。,001301222300
昭公娶于吳，故不書姓。,13000000000
死不赴，故不稱夫人。,0000000130
不反哭，故不言葬小君。,01300000130
孔子與吊，適季氏。,130000130
季氏不絻，放绖而拜。,1300000000
公會吳于橐皋，吳子使大宰嚭請尋盟。,00001301301230130
公不欲，使子貢對曰：“盟，所以周信也，故心以制之，玉帛以奉之，言以結之，明神以要之。寡君以為茍有盟焉，弗可改也已。若猶可改，日盟何益？今吾子曰‘必尋盟’，若可尋也，亦可寒也。”,0000013000000000000000000130000000001300001300000000001300000000000013000130000000000000
乃不尋盟。,00130
吳徵會于衛。,013000
初，衛人殺吳行人且姚而懼，謀於行人子羽。,00130013130000013130
子羽曰：“吳方無道，無乃辱吾君，不如止也。”,1300000130130000130000
子木曰：“吳方無道，國無道，必棄疾於人。吳雖無道，猶足以患衛。往也！長木之斃，無不瘈也；國狗之瘈，無不噬也，而況大國乎！”,1300000130013000000000130013000000000000000013000000000013000
秋，衛侯會吳于鄖。,001300000
公及衛侯、宋皇瑗盟，而卒辭吳盟。,0013012300000000
吳人藩衛侯之舍。,13013000
子服景伯謂子貢曰：“夫諸侯之會，事既畢矣，侯伯致禮，地主歸餼，以相辭也。今吳不行禮於衛，而藩其君舍以難之，子盍見大宰？”,122301300001300000000130001300000000000130000001300000001300
乃請束錦以行。,0013000
語及衛故，大宰嚭曰：“寡君愿事衛君，衛君之來也緩，寡君懼，故將止之。”,00000123000130013013000001300000000
子貢曰：“衛君之來，必謀於其眾，其眾或欲或否，是以緩來。其欲來者，子之黨也；其不欲來者，子之讎也。若執衛君，是墮黨而崇讎也，夫墮子者得其志矣。且合諸侯而執衛君，誰敢不懼？墮黨崇讎，而懼諸侯，或者難以霸乎！”,1300013000000000000000013000000000000000000000000001300000000000000000000130013000000000000013013000000
大宰嚭說，乃舍衛侯。,1230000130
衛侯歸，效夷言。,13000130
子之尚幼，曰：“君必不免，其死於夷乎！執焉而又說其言，從之固矣。”,130000000000000000000000000000000
冬，十二月，螽，季孫問諸仲尼。,001230001300130
仲尼曰：“丘聞之：火伏而後蟄者畢。今火猶西流，司暦過也。”,13000000013130000000000130000
宋、鄭之間有隙地焉，曰彌作、頃丘、玉暢、嵒、戈、钖。,00000013000130130130000000
子產與宋人為成，曰“勿有是。”,130130000000000
及宋平、元之族自蕭奔鄭，鄭人為之城嵒、戈、钖。,00000000000013000000000
九月，宋向巢伐鄭，取钖，殺元公之孫，遂圍嵒。,1301230000000130000000
十二月，鄭罕達救嵒。,1230123000
丙申，圍宋師。,1300130
,
十三年，春，宋向魋救其師。,1230001230000
鄭子剩使徇曰：“得桓魋者有賞。”,1230000001300000
魋也逃歸。,00130
遂取宋師于嵒，獲成讙、郜延。,00130000130130
以六邑為虛。,013000
夏，公會單平公、晉定公、吳夫差于黃池。,0000123012301230130
六月丙子，越子伐吳，為二隧，疇無餘、謳陽自南方，先及郊。,1313013000000012301301300000
吳太子友、王子地、王孫彌庸、壽於姚自泓上觀之。,12230123012230123013000
彌庸見姑蔑之旗，曰：“吾父之旗也。”,130130000000000000
不可以見讎而弗殺也。,0130000000
太子曰：“戰而不克，將亡國，請待之。”,1300000000013000000
彌庸不可，屬徒五千，王子地助之。,1300000130123000
乙酉，戰，彌庸獲疇無餘，地獲謳陽。,13000130123000130
越子至，王子地守。,130012300
丙戌，復戰，大敗吳師，獲太子友、王孫彌庸、壽於姚。,1300001313001230122301230
丁亥，入吳。,130000
吳人告敗于王。,1300000
王惡其聞也，自剄七人於幕下。,00000013000130
秋，七月辛丑盟，吳、晉爭先。,00131300000000
吳人曰：“於周室，我為長。”,13000013000000
晉人曰：“於姬姓，我為伯。”,13000013000000
趙鞅呼司馬寅曰：“日旰矣，大事未成，二臣之罪也。建鼓整列，二臣死之，長幼必可知也。”,130123000130013000000000131300000013000000
對曰：“請姑視之。”,0000000000
反，曰：“肉食者無墨。今吳王有墨，國勝乎？太子死乎？且夷德輕，不忍久，請少待之。”,00000130000013000000013000013000000000000
乃先晉人。,00130
吳人將以公見晉侯，子服景伯對使者曰：“王合諸侯，則伯帥侯牧以見於王；伯合諸侯，則侯帥子、男以見於伯。自王以下，朝聘玉帛不同；故敝邑之職貢於吳，有豐於晉，無不及焉，以為伯也。今諸侯會，而君將以寡君見晉君，則晉成為伯矣，敝邑將改職貢：魯賦於吳八百乘，若為子、男，則將半邾以屬於吳，而如邾以事晉。且執事以伯召諸侯，而以侯終之，何利之有焉？”,13000013012230130000013000013000000013000000000000001301313000013013000000000000000000013000000130130001300013001300000130000000000000000000000000130001300000000000000
吳人乃止。,13000
既而悔之，將囚景伯。,1300000130
景伯曰：“何也立後於魯矣，將以二乘與六人從，遲速唯命。”,1300000130000000000000130000
遂囚以還。,00000
及戶牖，謂太宰曰：“魯將以十月上辛有事於上帝、先王，季辛而畢，何世有職焉，自襄以來，未之改也。若不會，祝宗將曰‘吳實然』，且請魯不共，而執其賤者七人，何損焉？”,01300130000001313130130130130000000000000000000000013000000000001300001300000000
大宰嚭言於王曰：“無損於魯，而只為名，不如歸之。”,1230000001300000000130000
乃歸景伯。,00130
吳申叔儀乞糧於公孫有山氏，曰：“佩玉橤兮，餘無所系之；旨酒一盛兮，餘與褐之父睨之。”,122313012223000013000000000130000000000000
對曰：“粱則無矣，粗則有之。若登首山以呼曰‘庚癸乎’，則諾。”,0000000000000000130000130000000
王欲伐宋，殺其丈夫而囚其婦人。,000000013000130
大宰嚭曰：“可勝也，而弗能居也。”,12300000000000000
乃歸。,000
冬，吳及越平。,0000000
,
十四年，春，西狩於大野，叔孫氏之車子鉏商獲麟，以為不祥，以賜虞人。,123000000130123001230000000000130
仲尼觀之，曰：“麟也。”,130000000000
然後取之。,13000
小邾射以句繹來奔，曰：“使季路要我，吾無盟矣。”,130000000000013000000000
使子路，子路辭。,01301300
季康子使冉有謂之曰：“千乘之國，不信其盟，而信子之言，子何辱焉？”,123013000001300000000000000000000
對曰：“魯有事于小邾，不敢問故，死其城下可也。彼不臣，而濟其言，是義之也，由弗能。”,000001301300000000130000000000000000000000
齊簡公之在魯也，闞止有寵焉。,12300000130000
及即位，使為政。,01300000
陳成子憚之，驟顧諸朝。,12300000000
諸御鞅言於公曰：“陳、闞不可并也，君其擇焉！”,01300000000000000000000
弗聽。,000
子我夕，陳逆殺人，逢之，遂執以入。,13001300000000000
陳氏方睦，使疾，而遺之潘沐，備酒肉焉，饗守囚者，醉而殺之，而逃。,13000000000130013000000000000000
子我盟諸陳於陳宗。,130000130
初，陳豹欲為子我臣，使公孫言己，已有喪而止，既而言之曰：“有陳豹者，長而上僂，望視，事君子必得志，欲為子臣，吾憚其為人也，故緩以告。”,0013001300013000000000000000001300001301300130130000000000000000000
子我曰：“何害？是其在我也。”,130000000000000
使為臣。,0000
他日，與之言政，說，遂有寵，謂之曰：“我盡逐陳氏而立女，若何？”,13000000000000000000001300001300
對曰：“我遠於陳氏矣，且其違者不過數人，何盡逐焉？”,00000001300000013000000000
遂告陳氏。,00130
子行曰：“彼得君，弗先，必禍子。”,13000013000000000
子行舍於公宮。,1300130
夏，五月壬申，成子兄弟四乘如公。,0013130131300000
子我在幄，出，逆之，遂入，閉門。,1300000000000000
侍人禦之，子行殺侍人。,13000130130
公與婦人飲酒于檀臺，成子遷諸寢。,0013130130130000
公執戈，將擊之。,00000000
大史子余曰：“非不利也，將除害也。”,131300000000000000
成子出舍于庫，聞公猶怒，將出，曰：“何所無君？”,130000000000000000000000
子行抽劍，曰：“需，事之賊也。誰非陳宗？所不殺子者，有如陳宗！”,13000000000000000000000000130000
乃止。,000
子我歸，屬徒，攻闈與大門，皆不勝，乃出。,13000000001300000000
陳氏追之，失道於弇中，適豐丘。,130001301300130
豐丘人執之以告，殺諸郭關。,1230000000000
成子將殺大陸子方，陳逆請而免之。,1300122301300000
以公命取車於道，及耏，眾知而東之，出雍門，陳豹與之車，弗受，曰：“逆為餘請，豹與餘車，餘有私焉。事子我而有私於其讎，何以見魯、衛之士？”,01300000000000000013013000000000000000000000130001301300000000000000
東郭賈奔衛。,123000
庚辰，陳恒執公于舒州。,13013000130
公曰：“吾早從鞅之言，不及此。”,0000000000000000
宋桓魋之寵害於公，公使夫人驟請享焉，而將討之。,12300000000130000000000
未及，魋先謀公，請以鞍易薄。,00000000000000
公曰：“不可。薄，宗邑也。”,00000000013000
乃益鞍七邑，而請享公焉，以日中為期，家備盡往。,00000000000001300013000
公知之，告皇野曰：“餘長魋也，今將禍餘，請即救。”,0000013000000000000000000
司馬子仲曰：“有臣不順，神之所惡也，而況人乎？敢不承命！不得左師不可，請以君命召之。”,1223000000000000000000000130001300000130000
左師每食，擊鐘。,13000000
聞鐘聲，公曰：“夫子將食。”,01300000000000
既食，又奏。,000000
公曰：“可矣。”,00000000
以乘車往，曰：“跡人來告曰：‘逢澤有介麇焉。’公曰：‘雖魋未來，得左師，吾與之田，若何？’君憚告子，野曰：‘嘗私焉。’君欲速，故以乘車逆子。”,01300000130000013000000000000000013000000130000000000000000000000130000
與之乘，至，公告之故，拜，不能起。,00000000000001300
司馬曰：“君與之言。”,13000000000
公曰：“所難子者，上有天，下有先君。”,0000000000000001300
對曰：“魋之不共，宋之禍也，敢不唯命是聽。”,0000001300000000000000
司馬請瑞焉，以命其徒攻桓氏。,13000000000130
其父兄故臣曰：“不可。”,013130000000
其新臣曰：“從吾君之命。”,0130000000000
遂攻之。,0000
子頎騁而告桓司馬。,130001230
司馬欲入，子車止之曰：“不能事君，而又伐國，民不與也，只取死焉。”,130001300000000000000000000000000
向魋遂入于曹以叛。,130000000
六月，使左師巢伐之，欲質大夫以入焉。,130013000000130000
不能，亦入于曹，取質。,00000000000
魋曰：“不可。既不能事君，又得罪于民，將若之何？”,0000130000000013000012300
乃舍之。,0000
民遂叛之。,00000
向魋奔衛。,13000
向巢來奔，宋公使止之，曰：“寡人與子有言矣，不可以絕向氏之祀。”,13000130000000130000000130130000
辭曰：“臣之罪大，盡滅桓氏可也。若以先臣之故，而使有後，君之惠也。若臣，則不可以入矣。”,00000000000130000013000000000000000000130000
司馬牛致其邑與珪焉而適齊。,1230000000000
向魋出於衛地，公文氏攻之，求夏後氏之璜焉。,130013012300001230000
與之他玉而奔齊。,00000000
陳成子使為次卿，司馬牛又致其邑焉，而適吳，吳人惡之，而反。,12300130123000000000013000000
趙簡子召之，陳成子亦召之，卒於魯郭門之外，阬氏葬諸丘輿。,1230001230000001230001300130
甲午，齊陳恒弒其君壬于舒州。,13012300000130
孔丘三日齊，而請伐齊三。,130000000000
公曰：“魯為齊弱久矣，子之伐之，將若之何？”,0000000000000000012300
對曰：“陳恒弒其君，民之不與者半。以魯之眾加齊之半，可克也。”,0000130000000000000000000000000
公曰：“子告季孫。”,0000001300
孔子辭，退而告人曰：“吾以從大夫之後也，故不敢不言。”,130000000000001300000000000
初，孟孺子泄將圉馬於成，成宰公孫宿不受，曰：“孟孫為成之病，不圉馬焉。”,001223000000131230000001300000000000
孺子怒，襲成，從者不得入，乃反。,1300000130000000
成有司使，孺子鞭之。,0130013000
秋，八月辛丑，孟懿子卒，成人奔喪，弗內；袒、免，哭于衢，聽共，弗許；懼，不歸。,001313012300131300000000000000000000000
,
十五年，春，成叛于齊。,12300000000
武伯伐成，不克，遂城輸。,130000000000
夏，楚子西、子期伐吳，及桐汭，陳侯使公孫貞子吊焉，及良而卒，將以尸入。,00123013000013013012230000000000000
吳子使大宰嚭勞，且辭曰：“以水潦之不時，無乃廩然隕大夫之尸，以重寡君之憂，寡君敢辭。”,1301230000000013000013130130000013000130000
上介芋尹蓋對曰：“寡君聞楚為不道，薦伐吳國，滅厥民人，寡君使蓋備使，吊君之下吏。無祿，使人逢天之戚，大命隕隊，絕世于良。廢日共積，一日遷次。今君命逆使人曰‘無以尸造于門’，是我寡君之命委于草莽也。且臣聞之曰：‘事死如事生，禮也。’於是乎有朝聘而終、以尸將事之禮，又有朝聘而有遭喪之禮。若不以尸將命，是遭喪而還也，無乃不可乎！以禮防民，猶或逾之，今大夫曰‘死而棄之’，是棄禮也，其何以為諸侯主？先民有言曰：‘無穢虐士。’備使奉尸將命，茍我寡君之命達于君所，雖隕于深淵，則天命也，非君與涉人之過也。”,13123000013000130001300013013013000001300001300000131301300000000001300130130000000000001300001300000000000000000000000130000000000001300130000000000013000013000000000000000130000000001300000013001300000000000130000000130000000000130013000001300000
吳人內之。,13000
秋，齊陳瓘如楚，過衛，仲由見之曰：“天或者以陳氏為斧斤，既斫喪公室，而他人有之，不可知也；其使終饗之，亦不可知也。若善魯以待時，不亦可乎！何必惡焉？”,000130000001300000013013013001313001300000000000000000000000013000000130000
子玉曰：“然。吾受命矣，子使告我弟。”,1300000013000000000
冬，及齊平，子服景伯如齊，子贛為介，見公孫成，曰：“人皆臣人，而有背人之心，況齊人雖為子役，其有不貳乎？子，周公之孫也，多饗大利，猶思不義。利不可得，而喪宗國，將焉用之？”,00000012230001300001230000001300013000013000000000000013000000130001300000000130000000
成曰：“善哉！吾不早聞命。”,00001300001300
陳成子館客，曰：“寡君使恒告曰：寡人愿事君如事衛君。’”,1231300001300000130000013000
景伯揖子贛而進之，對曰：“寡君之愿也。昔晉人伐衛，齊為衛故，伐晉冠氏，喪車五百。因與衛地，自濟以西，禚、媚、杏以南，書社五百。吳人加敝邑以亂，齊因其病，取讙與闡，寡君是以寒心。若得視衛君之事君也，則固所愿也。”,130130000000013000001300000000001300013000000000000000000013130130130000000000000130013000013000000000000
成子病之，乃歸成，公孫宿以其兵甲入于嬴。,13000000012300130000
衛孔圉取太子蒯聵之姊，生悝。,01301223000000
孔氏之豎渾良夫長而美，孔文子卒，通於內。,13001230000123000000
太子在戚，孔姬使之焉。,13000130000
太子與之言曰：“茍使我入獲國，服冕、乘軒，三死無與。”,130000000000000000000001300
與之盟，為請於伯姬。,0000000130
閏月，良夫與太子入，舍於孔氏之外圃。,130130130000130130
昏，二人蒙衣而乘，寺人羅御，如孔氏。,000013000123000130
孔氏之老欒寧問之，稱姻妾以告，遂入，適伯姬氏。,13001300001300000001230
既食，孔伯姬杖戈而先，太子與五人介，輿豭從之。,00012300000130000000000
迫孔悝於廁，強盟之，遂劫以登臺。,0130000000000130
欒寧將飲酒，炙未熟，聞亂，使告季子；召獲駕乘車，行爵食炙，奉衛侯輒來奔。,130130000000000130013130131300123000
季子將入，遇子羔將出，曰：“門已閉矣。”,13000013000000000000
季子曰：“吾姑至焉。”,13000000000
子羔曰：“弗及，不踐其難！”,13000000000000
季子曰：“食焉，不辟其難。”,13000000000000
子羔遂出子路入。,13001300
及門，公孫敢門焉，曰：“無入為也。”,000123000000000000
季子曰：“是公孫也，求利焉，而逃其難。由不然，利其祿，必救其患。”,130000130000000000000000000000000
有使者出，，乃入，曰：“太子焉用孔悝？雖殺之，必或繼之。”,01300000000013001300000000000
且曰：“太子無勇，若燔臺，半，必舍孔叔。”,000013000000000001300
太子聞之，懼，下石乞、盂黡敵子路，以戈擊之，斷纓。,1300000013013013000000000
子路曰：“君子死，冠不免。”,13000130000000
結纓而死。,13000
孔子聞衛亂，曰：“柴也其來，由也死矣。”,13000000000000000000
孔悝立莊公。,130130
莊公害故政。,130000
欲盡去之，先謂司徒瞞成曰：“寡人離病於外久矣，子請亦嘗之。”,000000012230001313000000000000
歸告褚師比，欲與之伐公，不果。,001230000000000
,
十六年，春，瞞成、褚師比出奔宋。,1230001301231300
衛侯使鄢武子告于周曰：“蒯聵得罪于君父、君母，逋竄于晉。晉以王室之故，不棄兄弟，寘諸河上。天誘其衷，獲嗣守封焉，使下臣肸敢告執事。”,130123000000131301301301300000130000013000130000000130000130001300
王使單平公對，曰：“肸以嘉命來告餘一人，往謂叔父：餘嘉乃成世，復爾祿次。敬之哉！方天之休。弗敬弗休，悔其可追？”,00123000000013000130001300001300000000000000000000000000
夏，四月己丑，孔丘卒。,00131301300
公誄之曰：“旻天不吊，不憖遺一老，俾屏餘一人以在位，煢煢餘在疚。嗚呼哀哉尼父！無自律。”,00000013000013130000130130130000131313001300
子贛曰：“君其不沒於魯乎！夫子之言曰：‘禮失則昏，名失則愆。’失志為昏，失所為愆。生不能用，死而誄之，非禮也；稱一人，非名也。君兩失之。”,130000000000013000000000000000013000130000130000000000001300000000000
六月，衛侯飲孔悝酒於平陽，重酬之。,13013013001300000
大夫皆有納焉。,1300000
醉而送之，夜半而遣之。,00000130000
載伯姬於平陽而行，及西門，使貳車反祏於西圃。,0130130000130013000130
子伯季子初為孔氏臣，新登于公，請追之，遇載祏者，殺而乘其車。,122300130013000000000000000000
許公為反祏，遇之，曰：“與不仁人爭明，無不勝。”,123000000000013000000000
必使先射，射三發，皆遠許為。,00000000000130
許為射之，殪。,1300000
或以其車從，得祏於橐中。,000000000000
孔悝出奔宋。,131300
楚太子建之遇讒也，自城父奔宋；又辟華氏之亂於鄭。,122301300013000001300000
鄭人甚善之。,130000
又適晉，與晉人謀襲鄭，乃求復焉。,0000013000000000
鄭人復之如初。,1300000
晉人使諜於子木，請行而期焉。,13000130000000
子木暴虐於其私邑，邑人訴之。,13130013013000
鄭人省之，得晉諜焉，遂殺子木。,130000000000130
其子曰勝，在吳，子西欲召之。,00000000130000
葉公曰：“吾聞勝也詐而亂，無乃害乎？”,1300000000000130000
子西曰：“吾聞勝也信而勇，不為不利。舍諸邊竟，使衛藩焉。”,13000000000000013000130000000
葉公曰：“周仁之謂信，率義之謂勇。吾聞勝也好復言，而求死士，殆有私乎！復言，非信也；期死，非勇也--子必悔之。”,13000130000130000000001300013000000130000000000013000000
弗從，召之，使處吳竟，為白公。,000000000000130
請伐鄭，子西曰：“楚未節也。不然，吾不忘也。”,00001300000000000000000
他日，又請，許之，未起師。,1300000000000
晉人伐鄭，楚救之，與之盟。,1300000000000
勝怒，曰：“鄭人在此，讎不遠矣。”,00000013000000000
勝自厲劍，子期之子平見之，曰：“王孫何自厲也？”,000001300000000013000000
曰：“勝以直聞，不告女，庸為直乎？將以殺爾父。”,000000000000000000000000
平以告子西。,000130
子西曰：“勝如卵，餘翼而長之。楚國第，我死，令尹、司馬，非勝而誰？”,1300000000000001300000130130000000
勝聞之，曰：“令尹之狂也！得死，乃非我。”,000000013000000000000
子西不悛。,13000
勝謂石乞曰：“王與二卿士，皆五百人當之，則可矣。”,0013000000130013000000000
乞曰：“不可得也。”,0000000000
曰：“市南有熊宜僚者，若得之，可以當五百人矣。”,000000123000000130130000
乃從白公而見之。,00130000
與之言，說。,000000
告之故，辭。,000000
承之以劍，不動。,00000000
勝曰：“不為利諂，不為威惕，不泄人言以求媚者，去之。”,000000000000000013013000000
吳人伐慎，白公敗之。,1300013000
請以戰備獻，許之，遂作亂。,0013000000130
秋七月，殺子西、子期于朝，而劫惠王。,013001301300000130
子西以袂掩面而死。,130013000
子期曰：“昔者吾以力事君，不可以弗終。”,13000130000000130000
抉豫章以殺人而後死。,0130131300
石乞曰：“焚庫、弒王。不然，不濟。”,130000000000000000
白公曰：“不可。弒王，不祥；焚庫，無聚，將何以守矣？”,130001300000000000000000000
乞曰：“有楚國而治其民，以敬事神，可以得祥，且有聚矣，何患？”,0000013000000000013000000000000
弗從。,000
葉公在蔡，方城之外皆曰：“可以入矣。”,1300013000000130000
子高曰：“吾聞之，以險徼幸者，其求無饜，偏重必離。”,13000000000130000000130000
聞其殺齊管修也，而後入。,000013001300
白公欲子閭為王，子閭不可，遂劫以兵。,130130001300000000
子閭曰：“王孫若安靖楚國，匡正王室，而後庇焉，啟之愿也，敢不聽從？若將專利以傾王室，不顧楚國，有死不能。”,13000130131301313013000000000013000130013000130000000
遂殺之，而以王如高府。,00000000130
石乞尹門。,13000
圉公陽穴宮，負王以如昭夫人之宮。,1230000000123000
葉公亦至，及北門，或遇之，曰：“君胡不胄？國人望君如望慈父母焉，盜賊之矢若傷君，是絕民望也，若之何不胄？”,13000013000000000000013000012300130000000013001230000
乃胄而進。,00000
又遇一人曰：“君胡胄？國人望君如望歲焉，日日以幾，若見君面，是得艾也。民知不死，其亦夫有奮心，猶將旌君以徇於國；而又掩面以絕民望，不亦甚乎！”,00000000000130001300130000000000000000000000130000000000001300130130000
乃免胄而進。,013000
遇箴尹固帥其屬，將與白公。,0123000000130
子高曰：“微二子者，楚不國矣。棄德從賊，其可保乎？”,13000000000000000000000000
乃從葉公。,00130
使與國人以攻白公，白公奔山而縊。,0013001301300000
其徒微之。,00000
生拘石乞而問白公之死焉。,131300130000
對曰：“餘知其死所，而長者使餘勿言。”,0000000000013000000
曰：“不言將烹。”,000000000
乞曰：“此事克則為卿，不克則烹，固其所也，何害？”,0000000000000000000000000
乃烹石乞。,00130
王孫燕奔頯黃氏。,12301230
沈諸梁兼二事，國寧，乃使寧為令尹，使寬為司馬，而老於葉。,1230000000000013000013000000
衛侯占夢，嬖人求酒於大叔僖子，不得，與卜人比，而告公曰：“君有大臣在西南隅，弗去，懼害。”,131301300012230000013000000000013012300000000
乃逐大叔遺。,001230
遺奔晉。,0000
衛侯謂渾良夫曰：“吾繼先君而不得其器，若之何？”,130123000001300000012300
良夫代執火者而言，曰：“疾與亡君，皆君之子也，召之而擇材焉可也。若不材，器可得也。”,130000000000001300000000000000000130000000
豎告太子。,00130
太子使五人輿豭從己，劫公而強盟之，且請殺良夫。,13000000000000000000130
公曰：“其盟免三死。”,00000000000
曰：“請三之後有罪殺之。”,0000013130000
公曰：“諾哉！”,00000000
,
哀公十七年春，衛侯為虎幄於藉圃，成，求令名者而與之始食焉。,13123001301301300001300000000
太子請使良夫。,1300130
良夫乘衷甸兩牡，紫衣狐裘。,1301300013130
至，袒裘，不釋劍而食。,00130000000
太子使牽以退，數之以三罪而殺之。,1300000000000000
三月，越子伐吳，吳子禦之笠澤，夾水而陳。,13013000130013000000
越子為左右句卒，使夜或左或右，鼓噪而進；吳師分以御之。,130131300000000130001300000
越子以三軍潛涉，當吳中軍而鼓之，吳師大亂，遂敗之。,1300013000130000131300000
晉趙鞅使告于衛，曰：“君之在晉也，志父為主。請君若太子來，以免志父。不然，寡君其曰志父之為也。”,013000000000000001300000013000013000013001300000
衛侯辭以難，太子又使椓之。,1300001300000
夏，六月，趙鞅圍衛。,0013013000
齊國觀、陳瓘救衛，得晉人之致師者。,01301300001301300
子玉使服而見之，曰：“國子實執齊柄，而命瓘曰‘無辟晉師’，豈敢廢命？子又何辱？”,1300000000013001300000000130000130000000
簡子曰：“我卜伐衛，未卜與齊戰。”,13000000000000000
乃還。,000
楚白公之亂，陳人恃其聚而侵楚。,123000130000000
楚既寧，將取陳麥。,000000000
楚子問帥於大師子穀與葉公諸梁，子穀曰：“右領差車與左史老皆相令尹、司馬以伐陳，其可使也。”,130001223012230130001223012300130130000000000
子高曰：“率賤，民慢之，懼不用命焉。”,1300000000000013000
子穀曰：“觀丁父，鄀俘也，武王以為軍率，是以克州、蓼，服隨、唐，大啟群蠻。彭仲爽，申俘也，文王以為令尹，實縣申、息，朝陳、蔡，封畛於汝。唯其任也，何賤之有？”,1300012300000130013013000000000000000123000001300130000000000001300000000000000
子高曰：“天命不諂。令尹有憾於陳，天若亡之，其必令尹之子是與，君盍舍焉？臣懼右領與左史有二俘之賤而無其令德也。”,13000130001300000000000013000000000000130130000000013000
王卜之，武城尹吉。,000012300
使帥師取陳麥。,0000000
陳人御之，敗，遂圍陳。,13000000000
秋，七月己卯，楚公孫朝帥師滅陳。,0012230012300000
王與葉公枚卜子良以為令尹。,0013131300130
沈尹朱曰：“吉。過於其志。”,12300000000000
葉公曰：“王子而相國，過將何為！”,13000130130000000
他日，改卜子國而使為令尹。,1301313000130
衛侯夢于北宮，見人登昆吾之觀，被髪北面而噪曰：“登此昆吾之墟，綿綿生之瓜。餘為渾良夫，叫天無辜。”,1300130000130001313000000013000130000001230001300
公親筮之，胥彌赦占之，曰：“不害。”,000001230000000000
與之邑，寘之而逃，奔宋。,000000000000
衛侯貞卜，其繇曰：“如魚竀尾，衡流而方羊。裔焉。大國，滅之，將亡。闔門塞竇，乃自後逾。”,13130000000000013013000013000000013000000000
冬，十月，晉復伐衛，入其郛，將入城。,001300000000000000
簡子曰：“止，叔向有言曰：‘怙亂滅國者無後。’”,130000013000001313000000
衛人出莊公而與晉平。,1301300000
晉立襄公之孫般師而還。,00130013000
十一月，衛侯自鄄入，般師出。,12301300001300
初，公登城以望，見戎州。,000000000130
問之，以告。,000000
公曰：“我，姬姓也，何戎之有焉？”,00000013000000000
翦之。,000
公使匠久。,00000
公欲逐石圃，未及而難作。,000130000000
辛巳，石圃因匠氏攻公。,13013013000
公闔門而請，弗許。,013000000
逾于北方而隊，折股。,0013000000
戎州人攻之，太子疾、公子青逾從公，戎州人殺之。,12300012301230000123000
公入于戎州己氏。,00013130
初，公自城上見己氏之妻發美，使髡之，以為呂姜髢。,000013013000000000001300
既入焉，而示之璧，曰：“活我，吾與女璧。”,000000000000000000000
己氏曰：“殺女，璧其焉往？”,13000000000000
遂殺之，而取其璧。,000000000
衛人復公孫般師而立之。,13012230000
十二月，齊人伐衛，衛人請平，立公子起，執般師以歸，舍諸潞。,12301300013130012300130000000
公會齊侯盟于蒙，孟武伯相。,0013000012300
齊侯稽首，公拜。,13130000
齊人怒。,1300
武伯曰：“非天子，寡君無所稽首。”,13000013013001300
武伯問於高柴曰：“諸侯盟，誰執牛耳？”,1300130001300001300
季羔曰：“鄫衍之役，吳公子姑曹；發陽之役，衛石魋。”,13000130000122301300001300
武伯曰：“然則彘也。”,13000000000
宋皇瑗之子麇有友曰田丙，而奪其兄酁般邑以與之。,01300000013000001300000
酁般慍而行，告桓司馬之臣子儀克。,1300000123001230
子儀克適宋，告夫人曰：“麇將納桓氏。”,1230000130000001300
公問諸子仲。,000130
初，子仲將以杞姒之子非我為子。,001300130013000
麇曰：“必立伯也，是良材。”,00000000001300
子仲怒，弗從，故對曰：“右師則老矣，不識麇也。”,130000000000130000000000
公執之。,0000
皇瑗奔晉，召之。,13000000
,
哀公十八年春，宋殺皇瑗。,131230000130
公聞其情，復皇氏之族，使皇緩為右師。,000000130000130130
巴人伐楚，圍鄾。,13000000
初，右司馬子國之卜也，觀瞻曰：“如志。”,00122230000130001300
故命之。,0000
及巴師至，將卜帥。,013000000
王曰：“寧如志，何卜焉？”,0000013000000
使帥師而行。,000000
請承，王曰：“寢尹、工尹勤先君者也。”,0000000130130130000
三月，楚公孫寧、吳由于、薳固敗巴師于鄾，故封子國於析。,130012301230130130000013000
君子曰：“惠王知志。夏書曰：‘官占唯能蔽志，昆命于元龜’，其是之謂乎！志曰：‘聖人不煩卜筮’，惠王其有焉。”,130001300013000000000000013000000000000130013001300000
夏，衛石圃逐其君起，起奔齊。,00013000000000
衛侯輒自齊復歸，逐石圃，而復石魋與大叔遺。,123001300130001301230
,
哀公十九年春，越人侵楚，以誤吳也。,13123001300000000
夏，楚公子慶、公孫寬追越師，至冥，不及，乃還。,00012301230130000000000
秋，楚沈諸梁伐東夷，三夷男女及楚師盟于敖。,000123013013130130000
冬，叔青如京師，敬王崩故也。,00130130130000
,
哀公二十年春，齊人來徵會。,1312300130130
夏，會于廩丘，為鄭故，謀伐晉。,000013000000000
鄭人辭諸侯。,130130
秋，師還。,00000
吳公子慶忌驟諫吳子曰：“不改，必亡。”,0122300130000000000
弗聽。,000
出居于艾，遂適楚。,000000000
聞越將伐吳，冬，請歸平越，遂歸。,0000000000130000
欲除不忠者以說于越。,0013000000
吳人殺之。,13000
十一月，越圍吳，趙孟降於喪食。,123000001300130
楚隆曰：“三年之喪，親昵之極也，主又降之，無乃有故乎？”,1300000000130000000001313000
趙孟曰：“黃池之役，先主與吳王有質，曰：‘好惡同之。’今越圍吳，嗣子不廢舊業而敵之，非晉之所能及也，吾是以為降。”,130001300013013000000000000000001300130000000000000130000
楚隆曰：“若使吳王知之，若何？”,1300000130001300
趙孟曰：“可乎？”,130000000
隆曰：“請嘗之。”,000000000
乃往，先造于越軍，曰：“吳犯間上國多矣，聞君親討焉，諸夏之人莫不欣喜，唯恐君志之不從，請入視之。”,0000001300000131300000000013000013000000000000000
許之。,000
告于吳王曰：“寡君之老無恤使陪臣隆，敢展謝其不共：黃池之役，君之先臣志父得承齊盟，曰‘好惡同之’。今君在難，無恤不敢憚勞，非晉國之所能及也，使陪臣敢展布之。”,0013000130013013000130130130000013130013000000000000001300130013000000013013000
王拜稽首曰：“寡人不佞，不能事越，以為大夫憂，拜命之辱。”,00130001313000000001300130000
與之一簞珠，使問趙孟曰：“句踐將生憂寡人，寡人死之不得矣。”,000000001300013013130130000000
王曰：“溺人必笑，吾將有問也。史黯何以得為君子？”,0000130000000001300001300
對曰：“黯也進不見惡，退無謗言。”,00000000130001300
王曰：“宜哉！”,00000000
,
哀公二十一年夏，五月，越人始來。,1312230013013000
秋，八月，公及齊侯、邾子盟于顧。,0013000130130000
齊人責稽首，因歌之曰：“魯人之皋，憂不覺，使我高蹈。唯其儒書，以為二國憂。”,13013000000013000000000130001300000000
是行也，公先至于陽穀。,00000000130
齊閭丘息曰：“君辱舉玉趾，以在寡君之軍，群臣將傳遽以告寡君。比其復也，君無乃勤。為仆人之未次，請除館於舟道。”,0123000013130001300000013001300000001300013000000001300
辭曰：“敢勤仆人？”,0000001300
,
哀公二十二年夏，四月，邾隱公自齊奔越，曰：“吳為無道，執父立子。”,131223001301230000000000130000000
越人歸之，太子革奔越。,13000123000
冬，十一月丁卯，越滅吳，請使吳王居甬東。,00122230000000130130
辭曰：“孤老矣，焉能事君？”,00000000000000
乃縊。,000
越人以歸。,13000
,
哀公二十三年春，宋景曹卒。,1312230012300
季康子使冉有吊，且送葬，曰：“敝邑有社稷之事，使肥與有職競焉，是以不得助執紼，使求從輿人，曰：‘以肥之得備彌甥也，有不腆先人之產馬，使求薦諸夫人之宰，其可以稱旌繁乎！’”,1230130001300001301300000001300130001300001300000000000000131301300000130000130130000
夏，六月，晉荀瑤伐齊，高無丕帥師禦之。,0013001300012300000
知伯視齊師，馬駭，遂驅之，曰：“齊人知餘旗，其謂余畏而反也。”,1301300000000000130000000000000
及壘而還。,00000
將戰，長武子請卜。,000123000
知伯曰：“君告於天子，而卜之以守龜於宗祧，吉矣，吾又何卜焉？且齊人取我英丘，君命瑤，非敢耀武也，治英丘也。以辭伐罪足矣，何必卜？”,13000000130000013013000000000001300130000000130001300000000013000
壬辰，戰于犁丘，齊師敗績。,1300013013130
知伯親禽顏庚。,1300130
秋，八月，叔青如越，始使越也。,001301300000000
越諸鞅來聘，報叔青也。,01300001300
,
哀公二十四年夏，四月，晉侯將伐齊，使來乞師，曰：“昔臧文仲以楚師伐齊，取穀；宣叔以晉師伐齊，取汶陽。寡君欲徼福n於周公，愿乞靈於臧氏。”,13122300130130000001300000123013000000130130000130130123013001301300
臧石帥師會之，取廩丘。,13000000130
軍吏令繕，將進。,13000000
萊章曰：“君卑政暴，往歲克敵，今又勝都，天奉多矣，又焉能進？是躗言也。役將班矣。”,13000000001313000000000000000001300000000
晉師乃還。,13000
餼臧石牛，大史謝之，曰：“以寡君之在行，牢禮不度，敢展謝之。”,0130013000000013000013000013000
邾子又無道，越人執之以歸，而立公子何。,1301301300000001230
何亦無道。,00130
公子荊之母嬖，將以為夫人，使宗人釁夏獻其禮。,1230000000130013130000
對曰：“無之。”,00000000
公怒曰：“女為宗司，立夫人，國之大禮也，何故無之？”,00000001300130001300000000
對曰：“周公及武公娶於薛，孝、惠娶於商，自桓以下娶於齊，此禮也則有。若以妾為夫人，則固無其禮也。”,0000130130000000000000130000000000000013000000000
公卒立之，而以荊為太子，國人始惡之。,000000000130130000
閏月，公如越，得太子適郢，將妻公而多與之地。,1300000012230000000000
公孫有山使告于季孫。,1223000130
季孫懼，使因大宰嚭而納賂焉，乃止。,13000012301300000
,
哀公二十五年夏，五月庚辰，衛侯出奔宋。,1312230012230131300
衛侯為靈臺于藉圃，與諸大夫飲酒焉，褚師聲子而登席，公怒。,13013013000131300122300130000
辭曰：“臣有疾，異於人；若見之，君將之，是以不敢。”,000000000000000000000130000
公愈怒。,0000
大夫辭之，不可。,13000000
褚師出。,1300
公戟其手，曰：“必斷而足！”,00000000000000
聞之。,000
褚師與司冠亥乘，曰：“今日幸而後亡。”,1301230000013013000
公之入也，奪南氏邑，而奪司寇亥政。,00000013000012300
公使侍人納公文懿子之車于池。,00130122300000
初，衛人翦夏丁氏，以其帑賜彭封彌子。,001301230000012230
彌子飲公酒，納夏戊之女，嬖，以為夫人。,1300000130000000130
其弟期，大叔疾之從孫甥也，少畜於公，以為司徒。,00001230013000000000130
夫人寵衰，期得罪。,130000130
公使三匠久。,000000
公使優狡盟拳彌，而甚近信之。,00130130001300
故褚師比、公孫彌牟、公文要、司寇亥、司徒期因三匠與拳彌以作亂，皆執利兵，無者執斤。,01230122301230123012300001301300013000000
使拳彌入于公宮，而自太子疾之宮噪以攻公。,01300130001230000000
鄄子士請禦之，彌援其手，曰：“子則勇矣，將若君何？不見先君乎？君何所不逞欲？且君嘗在外矣，豈必不反？當今不可，眾怒難犯。休而易間也。”,1230000000000000000000000001300013013000000000000000000000000000000
乃出。,000
將適蒲，彌曰：“晉無信，不可。”,0000000001300000
將適鄄，彌曰：“齊、晉爭我，不可。”,000000000000001300
將適泠，彌曰：“魯不足與。請適城鉏，以鉤越。越有君。”,000000000000000130013000000
乃適城鉏。,00130
彌曰：“衛盜不可知也，請速，自我始。”,0000000000000000000
乃載寶以歸。,000000
公為支離之卒，因祝史揮以侵衛。,001300001230000
衛人病之。,13000
懿子知之，見子之，請逐揮。,1300000000000
文子曰：“無罪。”,130001300
懿子曰：“彼好專利而妄，夫見君之入也，將先道焉。若逐之，必出於南門，而適君所。夫越新得諸侯，將必請師焉。”,13000001300000000000000000000001300000000001300000000
揮在朝，使吏遣諸其室。,00000000000
揮出，信，弗內。,00000000
五日，乃館諸外里，遂有寵，使如越請師。,0000001300000000000
六月，公至自越，季庚子、孟武伯逆於五梧。,13000000123012300130
郭重仆，見二子，曰：“惡言多矣，君請盡之。”,1300000000013000000000
公宴於五梧，武伯為祝，惡郭重，曰：“何肥也？”,00013013000013000000000
季孫曰：“請飲彘也！以魯國之密邇仇讎，臣是以不獲從君，克免於大行，又謂重也肥。”,1300000000013013130013000000001300000000
公曰：“是食言多矣，能無肥乎？”,0000013000000000
飲酒不樂，公與大夫始有惡。,1300000130000
,
哀公二十六年夏，五月，叔孫舒帥師會越皋如、舌庸、宋樂筏納衛侯，文子欲納之。,1312230013012300012301300130130130000
懿子曰：“君愎而虐，少待之，必毒於民，乃睦於子矣。”,13000000000000000000000000
師侵外州，大獲。,00130000
出禦之，大敗。,0000130
掘褚師定子之墓，焚之于平莊之上。,0122300000013000
文子使王孫齊私於皋如，曰：“子將大滅衛乎？抑納君而已乎？”,13012300130000000000000013000
皋如曰：“寡君之命無他，納衛君而已。”,1300013000000131300
文子致眾而問焉，曰：“君以蠻夷伐國，國幾亡矣，請納之。”,1300000000000130000000000000
眾曰：“勿納。”,00000000
曰：“彌牟亡而有益，請自北門出。”,00013001300013000
眾曰：“勿出。”,00000000
重賂越人，申開守陴而納公，公不敢入。,131300013000000000
師還。,000
立悼公，南氏相之。,013013000
以城鉏與越人。,0130130
公曰：“期則為此。”,0000000000
令茍有怨於夫人者報之。,00130130000
司徒期聘於越，公攻而奪之幣。,12300000000000
期告王，王命取之，期以眾取之。,000000000000000
公怒，殺期之甥之為太子者，遂卒于越。,000000000130000000
宋景公無子，取公孫周之子得與啟畜諸公宮，未有立焉。,1230000123001230013000000
於是皇緩為右師，皇非我為大司馬，皇懷為司徒，靈不緩為左師，樂筏為司城，樂朱鉏為大司寇，六卿三族降聽政，因大尹以達。,001301301230123013013012301301301301230123013130130013000
大尹常不告，而以其欲稱君命以令。,1300000000013000
國人惡之。,13000
司城欲去大尹，左師曰：“縱之，使盈其罪。重而無基，能無敝乎？”,1300130130000000000000000000000
冬，十月，公游于空澤，辛巳，卒于連中。,0013000013013000130
大尹興空澤之士千甲，奉公自空桐入如沃宮，使召六子，曰：“聞下有師，君請六子畫。”,1301300000000130013000000000000000000000
六子至，以甲劫之曰：“君有疾病，請二三子盟。”,00000000000001300123000
乃盟于少寢之庭，曰：“無為公室不利！”,0001300000000131300
大尹立啟，奉喪殯于大宮，三日而後國人知之。,130000130130001313000
司城茷使宣言于國曰：“大尹惑蠱其君，而專其利，今君無疾而死，死又匿之，是無他矣，大尹之罪也。”,12301300000131300000000000000000000013001300000
得夢啟北首而寢於盧門之外，己為烏而集於其上，咮加於南門，尾加於桐門。,0001300013000000000000000130000130
曰：“餘夢美，必立。”,00000000000
大尹謀曰：“我不在盟，無乃逐我？復盟之乎！”,1300000000013000000000
使祝為載書。,000130
六子在唐盂，將盟之。,0001300000
祝襄以載書告皇非我。,1301301230
皇非我因子潞、門尹得、左師謀曰：“民與我，逐之乎！”,12301301230123000000000000
皆歸授甲，使徇于國曰：“大尹惑蠱其君，以陵虐公室；與我者，救君者也。”,00130000000013130000131300000000000
眾曰：“與之！”,00000000
大尹徇曰：“戴氏、皇氏將不利公室，與我者，無憂不富。”,130000130130131300000000000
眾曰：“無別！”,00000000
戴氏、皇氏欲伐公，樂得曰：“不可。彼以陵公有罪；我伐公，則甚焉。”,130130000130001300000130000000000
使國人施于大尹，大尹奉啟以奔楚，乃立得。,01300130130000000000
司城為上卿，盟曰：“三族共政，無相害也！”,130130000013130000000
衛出公自城鉏使以弓問子贛，且曰：“吾其入乎？”,12301300001300000000000
子贛稽首受弓，對曰：“臣不識也。”,13130000000000000
私於使者曰：“昔成公孫於陳，甯武子、孫莊子為宛濮之盟而君入。獻公孫於齊，子鮮、子展為夷儀之盟而君入。今君再在孫矣，內不聞獻之親，外不聞成之卿，則賜不識所由入也。《詩》曰：‘無競惟人，四方其順之。’若得其人，四方以為主，而國於何有？”,00130000130000123012301300000013000013013013000000000000000000000000000000000000000000130001300000000001300000000000
,
哀公二十七年春，越子使舌庸來聘，且言邾田，封于駘上。,13122300130130000000000130
二月，盟于平陽，三子皆從。,1300013000000
康子病之，言及子贛，曰：“若在此，吾不及此夫！”,130000013000000000000000
武伯曰：“然。何不召？”,130000000000
曰：“固將召之。”,000000000
文子曰：“他日請念。”,13000130000
夏，四月己亥，季康子卒。,001223012300
公吊焉，降禮。,0000130
晉荀瑤帥師伐鄭，次于桐丘。,0130000000130
鄭駟弘請救于齊。,01300000
齊師將興，陳成子屬孤子三日朝。,130001230130000
設乘車兩馬，系五邑焉。,01300000000
召顏涿聚之子晉，曰：“隰之役，而父死焉。以國之多難，未女恤也。今君命女以是邑也，服車而朝，毋廢前勞！”,012300000000000000000001300000000000000000000001300
乃救鄭。,0000
及留舒，違穀七里，穀人不知。,01300000013000
及濮，雨，不涉。,00000000
子思曰：“大國在敝邑之宇下，是以告急。今師不行，恐無及也。”,130001301301301313000000000000
成子衣制杖戈，立於阪上，馬不出者，助之鞭之。,1300000001300000000000
知伯聞之，乃還，曰：“我卜伐鄭，不卜敵齊。”,1300000000000000000000
使謂成子曰：“大夫陳子，陳之自出。陳之不祀，鄭之罪也，故寡君使瑤察陳衷焉，謂大夫其恤陳乎？若利本之顛，瑤何有焉？”,001300013130000000000000000013000000001300000000000000000
成子怒曰：“多陵人者不在，知伯其能久乎！”,130000000000013000000
中行文子告成子曰：“有自晉師告寅者，將為輕車千乘以厭齊師之門，則可盡也。”,1223013000001300000013000013000000000
成子曰：“寡君命恒曰：‘無及寡，無畏眾。’雖過千乘，敢辟之乎？”,13000130000000000000000000000000
將以子之命告寡君。,000000130
文子曰：“吾乃今知所以亡。君子之謀也，始、衷、終皆舉之，而後入焉。今我三不知而入之，不亦難乎！”,130000000130013000000000000013000000000000000000
公患三桓之侈也，欲以諸侯去之；三桓亦患公之妄也，故君臣多間。,001300000013000130000000013000
公游于陵阪，遇孟武伯於孟氏之衢，曰：“請有問於子：餘及死乎？”,0001300123013000000013000000000
對曰：“臣無由知之。”,00000130000
三問，卒辭不對。,00000000
公欲以越伐魯而去三桓，秋，八月甲戌，公如公孫有陘氏。,00000000130001313000122230
因孫於邾，乃遂如越。,0000000000
國人施公孫有山氏。,130122230
悼之四年，晉荀瑤帥師圍鄭，未至，鄭駟弘曰：“知伯愎而好勝，早下之，則可行也。”,001300130000000001300013001300000000000
乃先保南里以待之。,000130000
知伯入南里，門于桔柣之門。,1301300013000
鄭人俘酅魁壘，賂之以知政，閉其口而死。,1301230000130000000
將門，知伯謂趙孟：“入之！”,00013013000000
對曰：“主在此。”,000000000
知伯曰：“惡而無勇，何以為子？”,1300000000000000
對曰：“以能忍恥，庶無害趙宗乎！”,00000013001313000
知伯不悛，趙襄子由是惎知伯，遂喪之。,130001230001300000
知伯貪而愎，故韓、魏反而喪之。,130000000000000
