label,input
010101,春秋左傳定公
1,
011111010111011011011011111011,元年，春，王正月辛巳，晉魏舒合諸侯之大夫于狄泉，將以城成周。
01011,魏子蒞政。
101111110111011111111011111101111101101101111,衛彪傒曰：“將建天子，而易位以令，非義也。大事奸義，必有大咎。晉不失諸侯，魏子其不免乎！”
111100101100110011111011111111111,是行也，魏獻子屬役於韓簡子及原壽過，而田於大陸，焚焉，還，卒於甯。
00111011111011111,范獻子去其柏槨，以其未復命而田也。
0011101101111,孟懿子會城成周，庚寅，栽。
101101111111111111111,宋仲幾不受功，曰：“滕、薛、郳，吾役也。”
01111110111101111111111111110011011111111101111011111011111111111,薛宰曰：“宋為無道，絕我小國於周，以我適楚，故我常從宋。晉文公為踐土之盟，曰：‘凡我同盟，各復舊職。’若從踐土，若從宋，亦唯命。”
01111011111,仲幾曰：“踐土固然。”
0111111000111111001101111101111110011110111101111110111,薛宰曰：“薛之皇祖奚仲居薛，以為夏車正，奚仲遷于邳，仲虺居薛，以為湯左相。若復舊職，將承王官，何故以役諸侯？”
011110110111111111111111111,仲幾曰：“三代各異物，薛焉得有舊？為宋役，亦其職也。”
001111110111111011111110111,士彌牟曰：“晉之從政者新，子姑受功，歸，吾視諸故府。”
01111111110101111111,仲幾曰：“縱子忘之，山川鬼神其忘諸乎？”
01111001111111111111111111110111111111111111111111111111011111,士伯怒，謂韓簡子曰：“薛徵於人，宋徵於鬼。宋罪大矣。且己無辭，而抑我以神，誣我也。‘啟寵納侮’，其此之謂矣。必以仲幾為戮。”
1101111,乃執仲幾以歸。
01111011,三月，歸諸京師。
1111111101111,城三旬而畢，乃歸諸侯之戍。
0011111011,齊高張后，不從諸侯。
10011110011001111110111101111111111111111111111111,晉女叔寬曰：“周萇弘、齊高張皆將不免。萇叔違天，高子違人。天之所壞，不可支也；眾之所為，不可奸也。”
11000111111011,夏，叔孫成子逆公之喪于乾侯。
011110011111101111111111101111111101111,季孫曰：“子家子亟言於我，未嘗不中吾志也。吾欲與之從政，子必止之，且聽命焉。”
0011101111111,子家子不見叔孫，易几而哭。
01110011,叔孫請見子家子。
001111111111111111111111101111,子家子辭曰：“羈未得見，而從君以出。君不命而薨，羈不敢見。”
01111111011011111111111001101111111111111101111111111001111101111011110111111111111,叔孫使告之曰：“公衍、公為實使群臣不得事君，若公子宋主社稷，則群臣之愿也。凡從君出而可以入者，將唯子是聽。子家氏未有後，季孫愿與子從政。此皆季孫之愿也，使不敢以告。”
1111111111011011011111111111111111111111111111111111111111111111111111111,對曰：“若立君，則有卿士、大夫與守龜在，羈弗敢知。若從君者，則貌而出者，入可也；寇而出者，行可也。若羈也，則君知其出也，而未知其入也，羈將逃也。”
11011001111111110111,喪及壞隤，公子宋先入，從公者皆自壞隤反。
0001111111011,六月癸亥，公之喪至自乾侯。
0111011,戊辰，公即位。
0111100111111,季孫使役如闞公氏，將溝焉。
001111111111111111111111111111111,榮駕鵝曰：“生不能事，死又離之，以自旌也。縱子忍之，後必或恥之。”
111,乃止。
01110011111111111011111,季孫問於榮駕鵝曰：“吾欲為君謚，使子孫知之。”
1111111111111110111111111,對曰：“生弗能事，死又惡之，以自信也。將焉用之？”
111,乃止。
110101110110111,秋，七月癸巳，葬昭公於墓道南。
01110111111111,孔子之為司寇也，溝而合諸墓。
0111100111011,昭公出故，季平子禱於煬公。
0111011,九月，立煬宮。
10011101111011,周鞏簡公棄其子弟而好用遠人。
1,
01111000110111011011,二年，夏，四月辛酉，鞏氏之群子弟賊簡公。
1111,桐叛楚。
011001101111111111111111111111,吳子使舒鳩氏誘楚人，曰：“以師臨我，我伐桐，為我使之無忌。”
1110111111011,秋，楚囊瓦伐吳，師于豫章。
01111011101111,吳人見舟于豫章，而潛師于巢。
1101111011011111,冬，十月，吳軍楚師于豫章，敗之。
1111111100011,遂圍巢，克之，獲楚公子繁。
0011001011111,邾莊公與夷射姑飲酒，私出。
111111111111,閽乞肉焉，奪之杖以敲之。
1,
0111100011011011111,三年，春，二月辛卯，邾子在門臺，臨廷。
111111101011111,閽以缾水沃廷，邾子望見之，怒。
11110011111,閽曰：“夷射姑旋焉。”
1111,命執之。
111111111111101111111,弗得，滋怒，自投于床，廢于爐炭，爛，遂卒。
11111111111,先葬以車五乘，殉五人。
010110111111,莊公卞急而好潔，故及是。
011101100110110111101111111,定公秋，九月，鮮虞人敗晉師于平中，獲晉觀虎，恃其勇也。
11111111111,冬，盟于郯，修邾好也。
0011111111111111111011,蔡昭侯為兩佩與兩裘以如楚，獻一佩一裘於昭王。
0111111011,昭王服之，以享蔡侯。
0111111,蔡侯亦服其一。
0111111111111,子常欲之，弗與，三年止之。
00111111011101111111111111,唐成公如楚，有兩肅爽馬，子常欲之，弗與，亦三年止之。
0110111111011111,唐人或相與謀，請代先從者，許之。
11011111111111011,飲先從者酒，醉之，竊馬而獻之子常。
011011,子常歸唐侯。
011011111110111111111011111111111111111,自拘於司敗，曰：“君以弄馬之故，隱君身，棄國家。群臣請相夫人以償馬，必如之。”
011110111110011111,唐侯曰：“寡人之過也。二三子無辱！”
1111,皆賞之。
011111111111011,蔡人聞之，固請，而獻佩于子常。
0111101111101111011111111110111111111,子常朝，見蔡侯之徒，命有司曰：“蔡君之久也，官不共也。明日禮不畢，將死。”
011111111111111111111111010111,蔡侯歸，及漢，執玉而沈，曰：“餘所有濟漢而南者，有若大川！”
011111111110111111111111,蔡侯如晉，以其子元與其大夫之子為質焉，而請伐楚。
1,
01111011001101101111111,四年，春，三月，劉文公合諸侯于召陵，謀伐楚也。
001111011111110011110111101111111111111101111011110111111111111111101101101111010111101011111111,晉荀寅求貨於蔡侯，弗得，言於范獻子曰：“國家方危，諸侯方貳，將以襲敵，不亦難乎！水潦方降，疾瘧方起，中山不服，棄盟取怨，無損於楚，而失中山，不如辭蔡侯。吾自方城以來，楚未可以得志，只取勤焉。”
11011,乃辭蔡侯。
0110111101111,晉人假羽旄於鄭，鄭人與之。
01111111,明日，或旆以會。
10011011,晉於是乎失諸侯。
111000011101111111111011111111101111,將會，衛子行敬子言於靈公曰：“會同難，嘖有煩言，莫之治也。其使祝佗從！”
1111111,公曰：“善。”
11011,乃使子魚。
011111111011110111111110111111111111011101101110111111111111111111101011111110011111011111111111111101111,子魚辭，曰：“臣展四體，以率舊職，猶懼不給而煩刑書。若又共二，徼大罪也。且夫祝，社稷之常隸也。社稷不動，祝不出竟，官之制也。君以軍行，祓社釁鼓，祝奉以從，於是乎出竟。若嘉好之事，君行師從，卿行旅從，臣無事焉。”
11111111,公曰：“行也。”
1011111111,及皋鼬，將長蔡於衛。
011011101111110111111111111111111,衛侯使祝佗私於萇弘曰：“聞諸道路，不知信否。若聞蔡將先衛，信乎？”
0111111011011111111111111,萇弘曰：“信。蔡叔，康叔之兄也，先衛，不亦可乎？”
01111101111111111011110111111011101111011011110111111110110110110011110110110101101101101101100110011111011110111101110101110111111101111110110111101011111111110110110110111011111101111011111011011011011011011010110110110110110110110011011111011110111111101111101111011011111111011110111111101111111111111111011101101101111011011110110101111101111101111011110111111111101111110111111111111111111111111110111111111010111001101110111111110111110101111011111110111111111111011111111111111101111001111111101101111011011011011011011110111011111111111111111110111011111111110111001101111001111011101111111101111111101101101100110110110011011111011101110111111111111111100111,子魚曰：“以先王觀之，則尚德也。昔武王克商，成王定之，選建明德，以蕃屏周。故周公相王室，以尹天下，於周為睦。分魯公以大路、大旗，夏後氏之璜，封父之繁弱，殷民六族，條氏、徐氏、蕭氏、索氏、長勺氏、尾勺氏，使帥其宗氏，輯其分族，將其類醜，以法則周公。用即命于周。是使之職事于魯，以昭周公之明德。分之土田陪敦、祝、宗、卜、史，備物、典策，官司、彝器；因商奄之民，命以伯禽而封於少皞之虛。分康叔以大路、少帛、綪茷、旃旌、大呂，殷民七族，陶氏、施氏、繁氏、锜氏、樊氏、饑氏、終葵氏；封畛土略，自武父以南及圃田之北竟，取於有閻之土以共王職；取於相土之東都以會王之東搜。聃季授土，陶叔授民，命以《康誥》而封於殷虛。皆啟以商政，疆以周索。分唐叔以大路、密須之鼓、闕鞏、沽洗，懷姓九宗，職官五正。命以《唐誥》而封於夏虛，啟以夏政，疆以戎索。三者皆叔也，而有令德，故昭之以分物。不然，文、武、成、康之伯猶多，而不獲是分也，唯不尚年也。管、蔡啟商，惎間王室，王於是乎殺管叔而蔡蔡叔，以車七乘、徒七十人。其子蔡仲改行帥德，周公舉之，以為己卿士，見諸王而命之以蔡。其命書云：‘王曰：胡！無若爾考之違王命也！’若之何其使蔡先衛也？武王之母弟八人，周公為大宰，康叔為司寇，聃季為司空，五叔無官，豈尚年哉？曹，文之昭也；晉，武之穆也。曹為伯甸，非尚年也。今將尚之，是反先王也。晉文公為踐土之盟，衛成公不在，夷叔，其母弟也，猶先蔡。其載書云：‘王若曰：晉重、魯申、衛武、蔡甲午、鄭捷、齊潘、宋王臣、莒期。’藏在周府，可覆視也。吾子欲復文、武之略，而不正其德，將如之何？”
0111101110011111101111,萇弘說，告劉子，與范獻子謀之，乃長衛侯於盟。
11011000111111,反自召陵，鄭子大叔未至而卒。
100111111111110111101110111111111101110111011111110111111110111101111,晉趙簡子為之臨，甚哀，曰：“黃父之會，夫子語我九言，曰：‘無始亂，無怙富，無恃寵，無違同，無敖禮，無驕能，無復怒，無謀非德，無犯非義。’”
011110110111111,沈人不會于召陵，晉人使蔡伐之。
111111,夏，蔡滅沈。
1111111111,秋，楚為沈故，圍蔡。
0111011111,伍員為吳行人以謀楚。
1110111011111,楚之殺郤宛也，伯氏之族出。
00111111011111,伯州犁之孫嚭為吳大宰以謀楚。
1101011011101101111111111011111111,楚自昭王即位，無歲不有吳師，蔡侯因之，以其子乾與其大夫之子為質於吳。
1101101101111,冬，蔡侯、吳子、唐侯伐楚。
11101110111111,舍舟于淮汭，自豫章與楚夾漢。
00011011111111110111101111111110110110111111111111111101111,左司馬戌謂子常曰：“子沿漢而與之上下，我悉方城外以毀其舟，還塞大隧、直轅、冥厄。子濟漢而伐之，我自後擊之，必大敗之。”
11111,既謀而行。
001101111111111111111111010111,武城黑謂子常曰：“吳用木也，我用革也，不可久也，不如速戰。”
0110111011111011101111111101111111111110111111111,史皇謂子常：“楚人惡子而好司馬。若司馬毀吳舟于淮，塞城口而入，是獨克吳也。子必速戰！不然，不免。”
11111110111011,乃濟漢而陳，自小別至于大別。
111011111111,三戰，子常知不可，欲奔。
011111111111111111111111111111111,史皇曰：“安，求其事；難而逃之，將何所入？子必死之，初罪必盡說。”
0000110111011,十一月庚午，二師陳于柏舉。
01110011110111101011111101111111111101011111111,闔廬之弟夫概王晨請於闔廬曰：“楚瓦不仁，其臣莫有死志。先伐之，其卒必奔；而後大師繼之，必克。”
111,弗許。
0011110111111110111111111101111111111,夫概王曰：“所謂‘臣義而行，不待命’者，其此之謂也。今日我死，楚可入也。”
111011101111,以其屬五千先擊子常之卒。
0111110111010111,子常之卒奔，楚師亂，吳師大敗之。
01111,子常奔鄭。
01110111,史皇以其乘廣死。
1101110111111,吳從楚師，及清發，將擊之。
0011110111111111111111111111111111101111110111110111111,夫概王曰：“困獸猶鬭，況人乎？若知不免而致死，必敗我。若使先濟者知免，後者慕之，蔑有鬭心矣。半濟而後可擊也。”
1111111,從之，又敗之。
011110111111,楚人為食，吳人及之，奔。
1111111011,食而從之，敗諸雍澨。
111111,五戰，及郢。
011011110001111111,己卯，楚子取其妹季羋畀我以出，涉雎。
001111111110111011,鍼尹固與王同舟，王使執燧象以奔吳師。
011111111111,庚辰，吳入郢，以班處宮。
01101111001111111111001111,子山處令尹之宮，夫概王欲攻之，懼而去之，夫概王入之。
000111111101101111,左司馬戌及息而還，敗吳師于雍澨，傷。
110110111111111111111111111,初，司馬臣闔廬，故恥為禽焉，謂其臣曰：“誰能免吾首？”
0011111111111,吳句卑曰：“臣賤，可乎？”
01111111111111,司馬曰：“我實失子，可哉！”
1111111111110111,三戰皆傷，曰：“吾不可用也已。”
01111111111111111111,句卑布裳，剄而裹之，藏其身，而以其首免。
0111111111011,楚子涉雎，濟江，入于云中。
111111111111000111111111,王寢，盜攻之，以戈擊王，王孫由于以背受之，中肩。
1111,王奔鄖。
01101111,鍾建負季羋以從。
0111111,由于徐蘇而從。
001111111111101111111111011111,鄖公辛之弟懷將弒王，曰：“平王殺吾父，我殺其子，不亦可乎？”
11111111111110111111101111111111111111111111110111101111011111111111111111111111111111111101111111111111111,辛曰：“君討臣，誰敢讎之？君命，天也。若死天命，將誰讎？《詩》曰：‘柔亦不茹，剛亦不吐。不侮矜寡，不畏強禦’，唯仁者能之。違強陵弱，非勇也；乘人之約，非仁也；滅宗廢祀，非孝也；動無令名，非知也。必犯是，餘將殺女。”
01111111111,斗辛與其弟巢以王奔隨。
0111110111111011011111111111110111111111101111110101111011110111111101111111111,吳人從之，謂隨人曰：“周之子孫在漢川者，楚實盡之。天誘其衷，致罰於楚，而君又竄之，周室何罪？君若顧報周室，施及寡人，以獎天衷，君之惠也。漢陽之田，君實有之。”
01101111011111,楚子在公宮之北，吳人在其南。
01111111111111111111111111,子期似王，逃王，而己為王，曰：“以我與之，王必免。”
01111111111111111101110111111111110111111111111111111101111111111111110111,隨人卜與之，不吉，乃辭吳曰：“以隨之辟小，而密邇於楚，楚實存之。世有盟誓，至于今未改。若難而棄之，何以事君？執事之患不唯一人，若鳩楚竟，敢不聽命？”
01111,吳人乃退。
0111100111101011,鑪金初宦於子期氏，實與隨人要言。
11111111111111111,王使見，辭，曰：“不敢以約為利。”
110111110111,王割子期之心以與隨人盟。
1101100111,初，伍員與申包胥友。
111110011111110111,其亡也，謂申包胥曰：“我必復楚國。”
001111111111111111111,申包胥曰：“勉之！子能復之，我必能興之。”
1011110011101111111011011101011111111,及昭王在隨，申包胥如秦乞師，曰：“吳為封豕、長蛇，以薦食上國，虐始於楚。”
0101011110111010111110111111111011111111111111111111111111111101111111110111111101011111011111111,寡君失守社稷，越在草莽，使下臣告急，曰：“夷德無厭，若鄰於君，疆埸之患也。逮吳之未定，君其取分焉。若楚之遂亡，君之土也。若以君靈撫之，世以事君。秦伯使辭焉，曰：寡人聞命矣。子姑就館，將圖而告。”
111101110111111101110111,對曰：“寡君越在草莽，未獲所伏，下臣何敢即安？”
11110111101111101101111,立，依於庭墻而哭，日夜不絕聲，勺飲不入口七日。
00111111111,秦哀公為之賦《無衣》。
101111,九頓首而坐。
01111,秦師乃出。
1,
0111101101111,五年，春，王人殺子朝于楚。
111111110111011,夏，歸粟于蔡，以周亟，矜無資。
111111111,越入吳，吳在楚也。
0110011011,六月，季平子行東野。
111110111111,還，未至，丙申，卒于房。
01110111001111111111111,陽虎將以玙璠斂，仲梁懷弗與，曰：“改步改玉。”
011111100011,陽虎欲逐之，告公山不狃。
0111111111111111,不狃曰：“彼為君也，子何怨焉？”
111011011111,既葬，桓子行東野，及費。
0111111111101111,子泄為費宰，逆勞於郊，桓子敬之。
10011001111,勞仲梁懷，仲梁懷弗敬。
011110111111111,子泄怒，謂陽虎：“子行之乎！”
00110111,申包胥以秦師至。
101101110111111,秦子蒲、子虎帥車五百乘以救楚。
011111110111,子蒲曰：“吾未知吳道。”
10111011111111101001111,使楚人先與吳人戰，而自稷會之，大敗夫概王于沂。
01101101111101110111011011,吳人獲薳射於柏舉，其子帥奔徒以從子西，敗吳師于軍祥。
001101101111,秋七月，子期、子蒲滅唐。
0110011101111111111111110011,九月，夫概王歸，自立也，以與王戰，而敗，奔楚，為棠溪氏。
011011011,吳師敗楚師于雍澨。
0111011,秦師又敗吳師。
01111011111011110110111011111110111,吳師居麇，子期將焚之，子西曰：“父兄親暴骨焉，不能收，又焚之，不可。”
0111111110110111011011111111,子期曰：“國亡矣，死者若有知也，可以歆舊祀，豈憚焚之？”
1111111011111101111,焚之，而又戰，吳師敗，又戰于公婿之溪。
0101101111,吳師大敗，吳子乃歸。
10011,囚闉輿罷。
0011111011,闉輿罷請先，遂逃歸。
0001110111111111111,葉公諸梁之弟後臧從其母於吳，不待而歸。
0111011,葉公終不正視。
011011001100011110011,乙亥，陽虎囚季桓子及公父文伯，而逐仲梁懷。
110101110011,冬，十月丁亥，殺公何藐。
011101101111011111,己丑，盟桓子于稷門之內，庚寅，大詛。
100110111111,逐公父歜及秦遄，皆奔齊。
011111,楚子入于郢。
11011011111111111111111111111110101111111111111111111111111,初，斗辛聞吳人之爭宮也，曰：“吾聞之：‘不讓，則不和；不和，不可以遠征。’吳爭於楚，必有亂；有亂，則必歸，焉能定楚？”
111111111011,王之奔隨也，將涉於成臼。
001111111111,藍尹亹涉其帑，不與王舟。
11111111,及寧，王欲殺之。
01111011101111111111,子西曰：“子常唯思舊怨以敗，君何效焉？”
111111111111110111,王曰：“善。使復其所，吾以志前惡。”
1101100011001101101100110011011011,王賞斗辛、王孫由于、王孫圉、鍾建、斗巢、申包胥、王孫賈、宋木、斗懷。
01111111111,子西曰：“請舍懷也。”
11110110111111,王曰：“大德滅小怨，道也。”
0011111111111111111111111111011111111,申包胥曰：“吾為君也，非為身也。君既定矣，又何求？且吾尤子旗，其又為諸？”
1111,遂逃賞。
111011011111111011101110111111,王將嫁季羋，季羋辭曰：“所以為女子，遠丈夫也。鍾建負我矣。”
1101111011,以妻鍾建，以為樂尹。
111111011111111111011,王之在隨也，子西為王輿服以保路，國于脾泄。
1111101111,聞王所在，而後從王。
1101111011,王使由于城麇，復命。
0110111111,子西問高厚焉，弗知。
01111111111111011011111,子西曰：“不能，如辭。城不知高厚，小大何知？”
1111111111111111111111111101111111111111,對曰：“固辭不能，子使餘也。人各有能有不能。王遇盜於云中，餘受其戈，其所猶在。”
111111111111111011111111111,袒而示之背，曰：“此餘所能也。脾泄之事，餘亦弗能也。”
00110111011111,晉士鞅圍鮮虞，報觀虎之敗也。
1,
01111111111111,六年，春，鄭滅許，因楚敗也。
01111111111111110111,二月，公侵鄭，取匡，為晉討鄭之伐胥靡也。
1101111111011111101111101111011,往不假道於衛；及還，陽虎使季、孟自南門入，出自東門，舍於豚澤。
01111001111,衛侯怒，使彌子瑕追之。
0001111111111111111110111011111111011110111101110111111111011011111011111111111111111111110110110101110111110110111111110111111111111101111111111110111,公叔文子老矣，輦而如公，曰：“尤人而效之，非禮也。昭公之難君將以文之舒鼎、成之昭兆、定之鞶監，茍可以納之，擇用一焉。公子與二三臣之子，諸侯茍憂之，將以為之質。此群臣之所聞也。今將以小忿蒙舊德，無乃不可乎？大姒之子，唯周公、康叔為相睦也，而效小人以棄之，不亦誣乎？天將多陽虎之罪以斃之，君姑待之，若何？”
111,乃止。
1100111111111,夏，季桓子如晉，獻鄭俘也。
01110011101111011111,陽虎強使孟懿子往報夫人之幣，晉人兼享之。
01111111001111011011111011111111000111010111,孟孫立于房外，謂范獻子曰：“陽虎若不能居魯，而息肩於晉，所不以為中軍司馬者，有如先君！”
011110111111111111111,獻子曰：“寡君有官，將使其人，鞅何知焉？”
011011110110111011111111111111111111111,獻子謂簡子曰：“魯人患陽虎矣。孟孫知其釁，以為必適晉，故強為之請，以取入焉。”
00011000011101110011001101111,四月己丑，吳太子終纍敗楚舟師，獲潘子臣、小惟子及大夫七人。
01111111,楚國大惕，懼亡。
01110111011,子期又以陵師敗于繁揚。
000111111111111,令尹子西喜曰：“乃今可為矣。”
1111111111111111011,於是乎遷郢於鄀，而改紀其政，以定楚國。
0011001111011101111100111111011111011111,周儋翩率王子朝之徒因鄭人將以作亂于周，鄭於是乎伐馮、滑、胥靡、負黍、狐人、闕外。
01100111111011,六月，晉閻沒戍周，且城胥靡。
110111011101111011111111111111111,秋，八月，宋樂祁言於景公曰：“諸侯唯我事晉，今使不往，晉其憾矣。”
01111011,樂祁告其宰陳寅。
01111111111,陳寅曰：“必使子往。”
01111011111011111111111,他日，公謂樂祁曰：“唯寡人說子之言，子必往！”
011111111111111111111111111111,陳寅曰：“子立後而行，吾室亦不亡，唯君亦以我為知難而行也。”
11111,見溷而行。
0011111111011101011011,趙簡子逆，而飲之酒於綿上，獻楊楯六十於簡子。
0111111101111101111111101111111011111011011011111,陳寅曰：“昔吾主范氏，今子主趙氏，又有納焉，以楊楯賈禍，弗可為也已。然子死晉國，子孫必得志於宋。”
00111011111011111111111011111111111111,范獻子言於晉侯曰：“以君命越疆而使，未致使而私飲酒，不敬二君，不可不討也。”
11011,乃執樂祁。
01111101101110110111100011,陽虎又盟公及三桓於周社，盟國人于亳社，詛于五父之衢。
11001101110111011111,冬，十二月，天王處于姑蕕，辟儋翩之亂也。
1,
011110111011101111,七年，春，二月，周儋翩入于儀栗以叛。
0111101101111111,齊人歸鄆、陽關，陽虎居之以為政。
1101100110011011011,夏，四月，單武公、劉桓公敗尹氏于窮穀。
1101101111111111,秋，齊侯、鄭伯盟于鹹，徵會于衛。
011111101111,衛侯欲叛晉，諸大夫不可。
1001111111011111111111,使北宮結如齊，而私於齊侯曰：“執結以侵我。”
0111111111,齊侯從之，乃盟于瑣。
001111,齊國夏伐我。
0110011110110011111011,陽虎御季桓子，公斂處父御孟懿子，將宵軍齊師。
011111111111,齊師聞之，墮，伏而待之。
011111111111111,處父曰：“虎不圖禍，而必死。”
01111111111111011111111,苫夷曰：“虎陷二子於難，不待有司，餘必殺女。”
111111111,虎懼，乃還，不敗。
1100001101101111011,冬，十一月戊午，單子、劉子逆王于慶氏。
101111,晉籍秦送王。
01111101111000110111011,己巳，王入于王城，館于公族黨氏，而後朝于莊宮。
1,
011111011111111011,八年，春，王正月，公侵齊，門于陽州。
1111111101111111,士皆坐列，曰：“顏高之弓六鈞。”
1111111,皆取而傳觀之。
0011101111110001111111111,陽州人出，顏高奪人弱弓，籍丘子鉏擊之，與一人俱斃。
111101111111,偃，且射子鉏，中頰，殪。
0111111111111111111111,顏息射人中眉，退曰：“我無勇，吾志其目也。”
11101111111,師退，冉猛偽傷足而先。
1111111111111,其兄會乃呼曰：“猛也殿！”
00011011011011011,二月己丑，單子伐穀城，劉子伐儀栗。
0110110110111111011,辛卯，單子伐簡城，劉子伐盂，以定王室。
01110111101111111111111111111111101111,趙鞅言於晉侯曰：“諸侯唯宋事晉，好逆其使，猶懼不至；今又執之，是絕諸侯也。”
110110111111111011111111111,將歸樂祁，士鞅曰：“三年止之，無故而歸之，宋必叛晉。”
0111011110111110110111111111111,獻子私謂子梁曰：“寡君懼不得事宋君，是以止子。子姑使溷代子。”
0111011,子梁以告陳寅。
011111111111111011111,陳寅曰：“宋將叛晉，是棄溷也，不如待之。”
011111011,樂祁歸，卒于大行。
01111111101111111111,士鞅曰：“宋必叛，不如止其尸以求成焉。”
11011,乃止諸州。
1111101111,公侵齊，攻廩丘之郛。
01111110111111111,主人焚沖，或濡馬褐以救之，遂毀之。
0111111,主人出，師奔。
01111011111111111111,陽虎偽不見冉猛者，曰：“猛在此，必敗。”
111111111111,猛逐之，顧而無繼，偽顛。
1111101111,虎曰：“盡客氣也。”
011111111111,苫越生子，將待事而名之。
0111111111011,陽州之役獲焉，名之曰陽州。
1110110111011,夏，齊國夏、高張伐我西鄙。
001101101111,晉士鞅、趙鞅、荀寅救我。
1101111001111001100011111,公會晉師于瓦，范獻子執羔，趙簡子、中行文子皆執雁。
1111111,魯於是始尚羔。
01110110110011111111101111,晉師將盟衛侯于鄟澤，趙簡子曰：“群臣誰敢盟衛君者？”
01101111111111,涉佗、成何曰：“我能盟之。”
0111011,衛人請執牛耳。
01111111111111110111,成何曰：“衛，吾溫、原也，焉得視諸侯？”
11101101111111,將歃，涉佗捘衛侯之手，及捥。
01110010111111111110101111111111111111,衛侯怒，王孫賈趨進，曰：“盟以信禮也，有如衛君，其敢不唯禮是事而受此盟也？”
011111111011,衛侯欲叛晉，而患諸大夫。
00111111,王孫賈使次于郊。
011111111111111101101110111011111,大夫問故，公以晉詬語之，且曰：“寡人辱社稷，其改卜嗣，寡人從焉。”
01111111111111111,大夫曰：“是衛之禍，豈君之過也？”
111111111101111111011111111,公曰：“又有患焉，謂寡人‘必以而子與大夫之子為質’。”
01111101110111111111111011111,大夫曰：“茍有益也，公子則往，群臣之子敢不皆負羈紲以從？”
1110011111011110101111111101111,將行，王孫賈曰：“茍衛國有難，工商未嘗不為患，使皆行而後可。”
111011111111,公以告大夫，乃皆將行之。
111111011111111111111111111111111,行有日，公朝國人，使賈問焉，曰：“若衛叛晉，晉五伐我，病何如矣？”
111111111011111,皆曰：“五伐我，猶可以能戰。”
1111011111101111111111,賈曰：“然則如叛之，病而後質焉，何遲之有？”
1111,乃叛晉。
011011111,晉人請改盟，弗許。
110011001111101110111,秋，晉士鞅會成桓公侵鄭，圍蟲牢，報伊闕也。
1111,遂侵衛。
01111111111,九月，師侵衛，晉故也。
011001100011101101100111100110011011111111011,季寤、公鉏極、公山不狃皆不得志於季氏，叔孫輒無寵於叔孫氏，叔仲志不得志於魯，故五人因陽虎。
0111011101101110011001111011,陽虎欲去三桓，以季寤更季氏，以叔孫輒更叔孫氏，己更孟氏。
101101011111,冬十月，順祀先公而祈焉。
01111011,辛卯，禘于僖公。
0111101101111110111101111,壬辰，將享季氏于蒲圃而殺之；戒都車，曰“癸巳至。”
1100011011110110110111,成宰公斂處父告孟孫曰：“季氏戒都車，何故？”
0111111111,孟孫曰：“吾弗聞。”
01111011111111111111,處父曰：“然則亂也，必及於子，先備諸。”
101101111,與孟孫以壬辰為期。
01011,陽虎前驅。
0110110111111110111,林楚御桓子，虞人以鈹、盾夾之，陽越殿。
11011,將如蒲圃。
0111011111110111111111111,桓子咋謂林楚曰：“而先皆季氏之良也，爾以是繼之。”
1111101110111101111111111011111,對曰：“臣聞命後。陽虎為政，魯國服焉，違之徵死，死無益於主。”
01111111111111101111,桓子曰：“何後之有？而能以我適孟氏乎？”
111111111111111,對曰：“不敢愛死，懼不免主。”
011111111,桓子曰：“往也！”
0110111101111101111011,孟氏選圉人之壯者三百人，以為公期筑室於門外。
0111111111,林楚怒馬，及衢而騁。
01111111,陽越射之，不中。
01111,筑者闔門。
11011011111,有自門間射陽越，殺之。
0111101111011,陽虎劫公與武叔，以伐孟氏。
000110110011110111011111111110110111,公斂處父帥成人自上東門入，與陽氏戰于南門之內，弗勝；又戰于棘下，陽氏敗。
01111011101101111110001111111,陽虎說甲如公宮，取寶玉、大弓以出，舍于五父之衢，寢而為食。
11111111111,其徒曰：“追其將至。”
111101111111111111111,虎曰：“魯人聞餘出，喜於徵死，何暇追餘？”
0111111111001111,從者曰：“嘻！速駕，公斂陽在。”
001111101111,公斂陽請追之，孟孫弗許。
1110110111111,陽欲殺桓子，孟孫懼而歸之。
1010110111111,子言辨舍爵於季氏之廟而出。
01111101111,陽虎入于讙、陽關以叛。
1010001111,鄭駟歂嗣子大叔為政。
1,
0111101100111111101111,九年，春，宋公使樂大心盟于晉，且逆樂祁之尸。
111111110111111101111,辭，偽有疾；乃使向巢如晉盟，且逆子梁之尸。
01100011111111011110111111,子明謂桐門右師出，曰：“吾猶衰绖，而子擊鐘，何也？”
0111111111111,右師曰：“喪不在此故也。”
011111110111111111111,既而告人曰：“己衰绖而生子，餘何故舍鐘？”
01111111111110111101101111101111111111,子明聞之，怒，言於公曰：“右師將不利戴氏。不肯適晉，將作亂也。不然，無疾。”
1100011,乃逐桐門右師。
1011011111011,鄭駟歂殺鄧析，而用其竹刑。
0110111111111101110111111111101111111011110111111111111111111111111111101011111110111111111111111111111111010101111,君子謂子然：“於是不忠。茍有可以加於國家者，棄其邪可也。《靜女》之三章，取彤管焉。《竿旄》：何以告之，取其忠也。故用其道，不棄其人。《詩》云：蔽芾甘棠，勿翦勿伐，召伯所茇。思其人，猶愛其樹，況用其道而不恤其人乎！子然無以勸能矣。”
110110110111111110111,夏，陽虎歸寶玉、大弓，書曰“得”，器用也。
11011111111111111,凡獲器用曰“得”，得用焉曰“獲”。
0111011,六月，伐陽關。
0111011,陽虎使焚萊門。
111111011111111111111111111,師驚，犯之而出奔齊，請師以伐魯，曰：“三加，必取之。”
011111,齊侯將許之。
001111111111011111111101111011111101111011001111011101110111011101111111101110111101111101111011101111111111111111101111101110111011111111111111011111,鮑文子諫曰：“臣嘗為隸於施氏矣，魯未可取也。上下猶和，眾庶猶睦，能事大國，而無天災，若之何取之？陽虎欲勤齊師也，齊師罷，大臣必多死亡，己於是乎奮其詐謀。夫陽虎有寵於季氏，而將殺季孫以不利魯國，而求容焉。親富不親仁，君焉用之？君富於季氏，而大於魯國，茲陽虎所欲傾覆也。魯免其疾，而君又收之，無乃害乎？”
0110111111,齊侯執陽虎，將東之。
01111111011,陽虎愿東，乃囚諸西鄙。
11011111111111111,盡借邑人之車，鍥其軸，麻約而歸之。
10111101111,載蔥靈，寢於其中而逃。
111111111,追而得之，囚於齊。
11011111111111011,又以蔥靈逃，奔宋，遂奔晉，適趙氏。
01111011111111,仲尼曰：“趙氏其世有亂乎！”
110111011,秋，齊侯伐晉夷儀。
001111111111111111111111111111111111,敝無存之父將室之，辭，以與其弟，曰：“此役也，不死，反，必娶於高、國。”
1111111111111,先登，求自門出，死於溜下。
001111011111111111111111111101111,東郭書讓登，犁彌從之，曰：“子讓而左，我讓而右，使登者絕而後下。”
1111111,書左，彌先下。
110111,書與王猛息。
111111111,猛曰：“我先登。”
101111111111111111,書斂甲，曰：“曩者之難，今又難焉！”
1111111111111111,猛笑曰：“吾從子，如驂之有靳。”
1111101101110111111111011111111111110111111111,晉車千乘在中牟，衛侯將如五氏，卜過之，龜焦，衛侯曰：“可也！衛車當其半，寡人當其半，敵矣。”
11011,乃過中牟。
0011111,中牟人欲伐之。
10011101111111111111111111011111111111111111011111,衛褚師圃亡在中牟，曰：“衛雖小，其君在焉，未可勝也。齊師克城而驕，其帥又賤，遇，必敗之，不如從齊。”
11011111,乃伐齊師，敗之。
01111111111,齊侯致禚、媚、杏於衛。
01101101111111111111111110111,齊侯賞犁彌，犁彌辭曰：“有先登者，臣從之，晳幘而衣貍制。”
111001111111110111111,公使視東郭書，曰：“乃夫子也--吾貺子。”
11001111111101111,公賞東郭書，辭曰：“彼，賓旅也。”
11011,乃賞犁彌。
01110111011001111100111111111,齊師之在夷儀也，齊侯謂夷儀人曰：“得敝無存者，以五家免。”
11111,乃得其尸。
111111101101111111,公三禭之，與之犀軒與直蓋，而先歸之。
11111111111111,坐引者，以師哭之，親推之三。
1,
011111111,十年，春，及齊平。
11110110111011,夏，公會齊侯于祝其，實夾穀。
0111011101111010111111101111011101111,孔丘相，犁彌言於齊侯曰：“孔丘知禮而無勇，若使萊人以兵劫魯侯，必得志焉。”
01111,齊侯從之。
01111111111111101110111111111010110111111111111111111111101111111111111111011111111,孔丘以公退，曰：“士兵之！兩君合好，而裔夷之俘以兵亂之，非齊君所以命諸侯也。裔不謀夏，夷不亂華，俘不干盟，兵不偪好--於神為不祥，於德為愆義，於人為失禮，君必不然。”
011111111,齊侯聞之，遽辟之。
1110111011110101111010111111011111,將盟，齊人加於載書曰：“齊師出竟而不以甲車三百乘從我者，有如此盟！”
0110011111111111011111101111111,孔丘使茲無還揖對，曰：“而不反我汶陽之田，吾以共命者亦如之！”
011111,齊侯將享公。
0110011111111110111111111111111111011111111011011011111111011111111101111011111011111111111111101111110111111,孔丘謂梁丘據曰：“齊、魯之故，吾子何不聞焉？事既成矣，而又享之，是勤執事也。且犧、象不出門，嘉樂不野合。饗而既具，是棄禮也；若其不具，用秕稗也。用秕稗，君辱；棄禮，名惡。子盍圖之！夫享，所以昭德也。不昭，不如其已也。”
11111,乃不果享。
0111111101111,齊人來歸鄆、讙、龜陰之田。
10111110111,晉趙鞅圍衛，報夷儀也。
11011001101111011111111,初，衛侯伐邯鄲午於寒氏，城其西北而守之，宵熸。
1111111101111101111101111111011111,及晉圍衛，午以徒七十人門於衛西門，殺人於門中，曰：“請報寒氏之役。”
0111111111111111111111,涉佗曰：“夫子則勇矣；然我往，必不敢啟門。”
111011111110111111111,亦以徒七十人旦門焉，步左右，皆至而立如植。
011111111,日中不啟門，乃退。
1110111111111110110111,反役，晉人討衛之叛故，曰：“由涉佗、成何。”
111011101111,於是執涉佗，以求成於衛。
01111,衛人不許。
011101101111,晉人遂殺涉佗，成何奔燕。
0111111101111111111111101111011101111111,君子曰：“此之謂棄禮，必不鈞。《詩》曰：‘人而無禮，胡不遄死？’涉佗亦遄矣哉！”
11000111011001111111111,初，叔孫成子欲立武叔，公若藐固諫曰：“不可。”
0111111,成子立之而卒。
01111111111,公南使賊射之，不能殺。
0110111011011,公南為馬正，使公若為郈宰。
010111101011011111,武叔既定，使郈馬正侯犯殺公若，弗能。
101111111111011111111111111111111111111111111111,其圉人曰：“吾以劍過朝，公若必曰：‘誰之劍也？’吾稱子以告，必觀之。吾偽固而授之末，則可殺也。”
1111,使如之。
0111111011111,公若曰：“爾欲吳王我乎？”
11011,遂殺公若。
0111110001111,侯犯以郈叛，武叔懿子圍郈。
111,弗克。
11111011111111,秋，二子及齊師復圍郈，弗克。
01110101111111001111011111100111,叔孫謂郈工師駟赤曰：“郈非唯叔孫氏之憂，社稷之患也，將若之何？”
11111111101101101111,對曰：“臣之業在《揚水》卒章之四言矣。”
01011,叔孫稽首。
0110111111111111111011111111111111111111,駟赤謂侯犯曰：“居齊、魯之際而無事，必不可矣。子盍求事於齊以臨民？不然，將叛。”
01111,侯犯從之。
0111,齊使至。
01101110110111101111111101110111,駟赤與郈人為之宣言於郈中曰：“侯犯將以郈易于齊，齊人將遷郈民。”
1011,眾兇懼。
01101111111111011111011111111111111011101111111111111111111111110111,駟赤謂侯犯曰：“眾言異矣。子不如易於齊，與其死也，猶是郈也，而得紓焉，何必此？齊人欲以此偪魯，必倍與子地。且盍多舍甲於子之門以備不虞。”
01111111,侯犯曰：“諾。”
111111,乃多舍甲焉。
0111111101111,侯犯請易於齊，齊有司觀郈。
111011111111011111,將至，駟赤使周走呼曰：“齊師至矣！”
01111101101111011,郈人大駭，介侯犯之門甲，以圍侯犯。
011111011111111111,駟赤將射之，侯犯止之曰：“謀免我。”
01111111,侯犯請行，許之。
0111110111,駟赤先如宿，侯犯殿。
1111101111,每出一門，郈人閉之。
1011111111110011111011111111111,及郭門，止之，曰：“子以叔孫氏之甲出，有司若誅之，群臣懼死。”
01111001111111111111,駟赤曰：“叔孫氏之甲有物，吾未敢以出。”
110111111111111,犯謂駟赤曰：“子止而與之數。”
011111011,駟赤止，而納魯人。
01111,侯犯奔齊。
011111,齊人乃致郈。
1001100110111111111111,宋公子地嬖蘧富獵，十一分其室，而以其五與之。
00110111110111111,公子地有白馬四，公嬖向魋，魋欲之。
111111111111,公取而朱其尾、鬣以與之。
111111111111,地怒，使其徒抶魋而奪之。
11111111111111111,魋懼，將走，公閉門而泣之，目盡腫。
0111111111111111111111111111101111111111,母弟辰曰：“子分室以與臘也，而獨卑魋，亦有頗焉。子為君禮，不過出竟，君必止子。”
00101111111,公子地出奔陳，公弗止。
11111111,辰為之請，弗聽。
11111111111110111111111,辰曰：“是我迋吾兄也。吾以國人出，君誰與處？”
110111011010111,冬，母弟辰暨仲佗、石彄出奔陳。
01111101111111001111111111101111111011111111111,武叔聘于齊，齊侯享之，曰：“子叔孫！若使郈在君之他竟，寡人何知焉？屬與敝邑際，故敢助君憂之。”
1111101111101111010111111011110111011110111111111101111,對曰：“非寡君之望也。所以事君，封疆社稷是以，敢以家隸勤君之執事？夫不令之臣，天下之所惡也，君豈以為寡君賜？”
1,
001111010111011011001111111,十一年，春，宋公母弟辰暨仲佗、石彄、公子地入于蕭以叛。
1100111111111101111,秋，樂大心從之，大為宋患，寵向魋故也。
11111111111,冬，及鄭平，始叛晉也。
1,
0011110001111111,十二年，夏，衛公孟彄伐曹，克郊。
110111,還，滑羅殿。
11111111,未出，不退於列。
11111111111111111,其御曰：“殿而在列，其為無勇乎！”
111101111111111,羅曰：“與其素厲，寧為無勇。”
01101111101101001111,仲由為季氏宰，將墮三都，於是叔孫氏墮郈。
011111000110011011111,季氏將墮費，公山不狃、叔孫輒帥費人以襲魯。
11111101111101111,公與三子入于季氏之宮，登武子之臺。
01111111,費人攻之，弗克。
11111011001101111110111,入及公側，仲尼命申句須、樂頎下，伐之，費人北。
0111111011,國人追之，敗諸姑蔑。
111111111,二子奔齊，遂墮費。
111100011011111101111011,將墮成，公斂處父謂孟孫：“墮成，齊人必至于北門。
1110110111,且成，孟氏之保障也。
111110111,無成，是無孟氏也。
11111111111,子偽不知，我將不墮。”
1100111111111,冬，十二月，公圍成，弗克。
1,
00111101101110111011,十三年，春，齊侯、衛侯次于垂葭，實郥氏。
11111,使師伐晉。
1111101111110011111101101111110111111111111111111111,將濟河，諸大夫皆曰不可，邴意茲曰：“可。銳師伐河內，傳必數日而後及絳。絳不三月不能出河，則我既濟水矣。”
11011,乃伐河內。
01111011111001111,齊侯皆斂諸大夫之軒，唯邴意茲乘軒。
01110111111110111111,齊侯欲與衛侯乘，與之宴而駕乘廣，載甲焉。
11111011111,使告曰：“晉師至矣！”
01111111111011111,齊侯曰：“比君之駕也，寡人請攝。”
1111111111,乃介而與之乘，驅之。
1111110111,或告曰：“無晉師。”
111,乃止。
0011001111111101111110111,晉趙鞅謂邯鄲午曰：“歸我衛貢五百家，吾舍諸晉陽。”
1011,午許諾。
111011,歸告其父兄。
0111110111111011111011111111011111111,父兄皆曰：“不可。衛是以為邯鄲，而寘諸晉陽，絕衛之道也。不如侵齊而謀之。”
11111111011,乃如之，而歸之于晉陽。
011111111101111011111101111,趙孟怒，召午，而囚諸晉陽，使其從者說劍而入，涉賓不可。
11100111111111111011111111,乃使告邯鄲人曰：“吾私有討於午也，二三子唯所欲立。”
1111,遂殺午。
0110110111,趙稷、涉賓以邯鄲叛。
110110001011011,夏，六月，上軍司馬籍秦圍邯鄲。
001101111101100111111011111110111011,邯鄲午，荀寅之甥也；荀寅，范吉射之姻也，而相與睦，故不與圍邯鄲，將作亂。
001111101111111111,董安于聞之，告趙孟，曰：“先備諸？”
011110111111111111111,趙孟曰：“晉國有命，始禍者死，為後可也。”
0111101111111111111111,安于曰：“與其害於民，寧我獨死。請以我說。”
01111,趙孟不可。
101101100110111101101101111,秋七月，范氏、中行氏伐趙氏之宮，趙鞅奔晉陽，晉人圍之。
001111001111111011,范皋夷無寵於范吉射，而欲為亂於范氏。
0011100110111111,梁嬰父嬖於知文子，文子欲以為卿。
0011000111100111001111,韓簡子與中行文子相惡，魏襄子亦與范昭子相惡。
1111111011110011111001111001111,故五子謀，將逐荀寅，而以梁嬰父代之；逐范吉射，而以范皋夷代之。
01110111111011111110111111111111111111111111111,荀躒言於晉侯曰：“君命大臣，始禍者死，載書在河。今三臣始禍，而獨逐鞅，刑已不鈞矣。請皆逐之。”
10011011001100111110110011111,冬十一月，荀躒、韓不信、魏曼多奉公以伐范氏、中行氏，弗克。
111111,二子將伐公。
001111101110111111111111111111111111111111111111111111111111111,齊高強曰：“三折肱知為良醫。唯伐君為不可，民弗與也。我以伐君在此矣。三家未睦，可盡克也。克之，君將誰與？若先伐君，是使睦也。”
1111111,弗聽，遂伐公。
01111111111111,國人助公，二子敗，從而伐之。
0110110011011,丁未，荀寅、士吉射奔朝歌。
111101111,韓、魏以趙氏為請。
00001101111111011,十二月辛末，趙鞅入于絳，盟于公宮。
110000111111011,初，衛公叔文子朝，而請享靈公。
111011111,退，見史鰍而告之。
0111111111111111111111,史鰍曰：“子必禍矣！子富而君貪，其及子乎！”
011111111111111111111111100111,文子曰：“然。吾不先告子，是吾罪也。君既許我矣，其若之何？”
01111111111011111111111110111111111111111111111111111111111111111111,史鰍曰：“無害。子臣，可以免。富而能臣，必免於難。上下同之。戍也驕，其亡乎！富而不驕者鮮，吾唯子之見。驕而不亡者，未之有也。戍必與焉。”
1011101111001111111,及文子卒，衛侯始惡於公叔戍，以其富也。
001111011110111111111111,公叔戍又將去夫人之黨，夫人愬之曰：“戍將為亂。”
1,
00111101100111111011111111,十四年，春，衛侯逐公叔戍與其黨，故趙陽奔宋，戍來奔。
001100111001111110111111101101110111111011110111,梁嬰父惡董安于，謂知文子曰：“不殺安于，使終為政於趙氏，趙氏必得晉國，盍以其先發難也討於趙氏？”
011110111111001111110111111011111101111111111111111111111,文子使告於趙孟曰：“范、中行氏雖信為亂，安于則發之，是安于與謀亂也。晉國有命，始禍者死。二子既伏其罪矣，敢以告。”
01111,趙孟患之。
01111111011101111111111111111111,安于曰：“我死而晉國寧，趙氏定，將焉用生？人誰不死？吾死莫矣。”
11111,乃縊而死。
011111111011111110101111111111111,趙孟尸諸市，而告於知氏曰：“主命戮罪人安于，既伏其罪矣，敢以告。”
0110111010111101111,知伯從趙孟盟，而後趙氏定，祀安于於廟。
00111111111111,頓子牂欲事晉，背楚而絕陳好。
0111111,二月，楚滅頓。
1110011110011111,夏，衛北宮結來奔，公叔戍之故也。
1111000111111011,吳伐越，越子句踐禦之，陳于槜李。
011111111011111111,句踐患吳之整也，使死士再禽焉，不動。
10111111111111111111111011011111111101111111,使罪人三行，屬劍於頸，而辭曰：“二君有治，臣奸旗鼓。不敏於君之行前，不敢逃刑，敢歸死。”
10111,遂自剄也。
1111101111110111,師屬之目，越子因而伐之，大敗之。
00111101101101111111,靈姑浮以戈擊闔廬，闔廬傷將指，取其一屨。
111111101111,還，卒於陘，去槜李七里。
01111111101111111101111011111111,夫差使人立於庭，茍出入，必謂己曰：“夫差！而忘越王之殺而父乎？”
111111111111,則對曰：“唯。不敢忘！”
111111,三年乃報越。
01101111011011110111111110011,晉人圍朝歌，公會齊侯、衛侯于脾、上梁之間，謀救范、中行氏。
0011000110111111101111111,析成鮒、小王桃甲率狄師以襲晉，戰于絳中，不克而還。
01111000111011,士鮒奔周，小王桃甲入于朝歌。
1101101111101111,秋，齊侯、宋公會于洮，范氏故也。
01100011011,衛侯為夫人南子召宋朝。
11110001111111111,會于洮，太子蒯聵獻盂于齊，過宋野。
01111111110111110111,野人歌之曰：“既定爾婁豬，盍歸吾艾豭？”
01111100111111110110111111111111,太子羞之，謂戲陽速曰：“從我而朝少君，少君見我，我顧，乃殺之。”
1111111,速曰：“諾。”
11011,乃朝夫人。
011011,夫人見太子。
011111111,太子三顧，速不進。
01111111111110111111,夫人見其色，啼而走，曰：“蒯聵將殺餘。”
11111011,公執其手以登臺。
01111,太子奔宋。
111111001011111111,盡逐其黨，故公孟彄出奔鄭，自鄭奔齊。
01111110011111,太子告人曰：“戲陽速禍餘。”
00111111011111010111111111111111111101111111101111111111111111111111111111,戲陽速告人曰：“太子則禍餘。太子無道，使餘殺其母。餘不許，將戕於余，若殺夫人，將以餘說。餘是故許而弗為，以紓餘死。諺曰：‘民保於信’，吾以信義也。”
11001101111001111111011011,冬，十二月，晉人敗范、中行氏之師於潞，獲籍秦、高強。
1101101111011,又敗鄭師及范氏之師于百泉。
1,
001111001111,十五年，春，邾隱公來朝。
01111,子貢觀焉。
0111111111111111111,邾子執玉高，其容仰；公受玉卑，其容俯。
01111111111111110111111010111111011011011011111111111111111111111011111101111111011111111111111111111111101110111111111111,子貢曰：“以禮觀之，二君者，皆有死亡焉。夫禮，死生存亡之體也，將左右、周旋，進退、俯仰，於是乎取之；朝、祀、喪、戎，於是乎觀之。今正月相朝，而皆不度，心已亡矣。嘉事不體，何以能久？高、仰，驕也；卑、俯，替也。驕近亂，替近疾，君為主，其先亡乎！”
11111101110111111,吳之入楚也，胡子盡俘楚邑之近胡者。
1011001101111110111111111111111,楚既定，胡子豹又不事楚，曰：“存亡有命，事楚何為？多取費焉。”
0111111,二月，楚滅胡。
1101011111,夏，五月壬申，公薨。
011111011111111011111,仲尼曰：“賜不幸言而中，是使賜多言者也。”
1011011011,鄭罕達敗宋師于老丘。
011011101111111,齊侯、衛侯次于蘧挐，謀救宋也。
11010110111,秋，七月壬申，姒氏卒。
1101111111111,不稱夫人，不赴，且不祔也。
10111111011111,葬定公，雨，不克襄事，禮也。
10111101110111,葬定姒，不稱小君，不成喪也。
11111111111,冬，城漆，書不時告也。
1,
010101,春秋左傳哀公
1,
011110111110111,元年，春，楚子圍蔡，報柏舉也。
1111111111,里而栽，廣丈，高倍。
1101111101111,夫屯晝夜九日，如子西之素。
0101111,蔡人男女以辨。
11111111111,使疆于江、汝之間而還。
100111111,蔡於是乎請遷于吳。
000111101110111,吳王夫差敗越于夫椒，報槜李也。
1111,遂入越。
0110101110111001100011011,越子以甲楯五千保于會稽，使大夫種因吳大宰嚭以行成。
011111,吳子將許之。
0111101111111011111111111111011011101110011011111111111011101111101111111111111101011110111111101011111111111111111111111111111111110111101110111110111111111111111111111101111111111110111111111111011110111101111111110111110111111111111111111101111111111111111111111110111101111111111111,伍員曰：“不可。臣聞之：‘樹德莫如滋，去疾莫如盡。’昔有過澆殺斟灌以伐斟鄩，滅夏後相，後緍方娠，逃出自竇，歸于有仍，生少康焉。為仍牧正，惎澆能戒之。澆使椒求之，逃奔有虞，為之庖正，以除其害。虞思於是妻之以二姚，而邑諸綸，有田一成，有眾一旅。能布其德，而兆其謀，以收夏眾，撫其官職；使女艾諜澆，使季杼誘豷。遂滅過、戈，復禹之績，祀夏配天，不失舊物。今吳不如過，而越大於少康，或將豐之，不亦難乎！句踐能親而務施，施不失人，親不棄勞。與我同壤，而世為仇讎。於是乎克而弗取，將又存之，違天而長寇讎，後雖悔之，不可食已。姬之衰也，日可俟也。介在蠻夷，而長寇讎，以是求伯，必不行矣。”
111,弗聽。
11111111110111110110111111111111,退而告人曰：“越十年生聚，而十年教訓，二十年之外，吳其為沼乎！”
01111111,三月，越及吳平。
111111111111111111,吳入越，不書，吳不告慶、越不告敗也。
110110110110111011,夏，四月，齊侯、衛侯救邯鄲，圍五鹿。
111111110011,吳之入楚也，使召陳懷公。
01101111111111111111111101111111111,懷公朝國人而問焉，曰：“欲與楚者右，欲與吳者左。陳人從田，無田從黨。”
0111111111111111111111111111111111111111111111111101111111110111,逢滑當公而進，曰：“臣聞：國之興也以福，其亡也以禍。今吳未有福，楚未有禍，楚未可棄，吳未可從。而晉，盟主也；若以晉辭吳，若何？”
111111111111111,公曰：“國勝君亡，非禍而何？”
1111111111111111011111011111111111111111111111111110111111111011110111111111101111111111110111111111111111111,對曰：“國之有是多矣，何必不復？小國猶復，況大國乎？臣聞：國之興也，視民如傷，是其福也；其亡也，以民為土芥，是其禍也。楚雖無德，亦不艾殺其民。吳日敝於兵，暴骨如莽，而未見德焉。天其或者正訓楚也，禍之適吳，其何日之有？”
01111,陳侯從之。
1011111101111,及夫差克越，乃修先君之怨。
11011111110111,秋，八月，吳侵陳，修舊怨也。
011011101110111,齊侯、衛侯會于乾侯，救范氏也。
1101100110011111011,師及齊師、衛孔圉、鮮虞人伐晉，取棘蒲。
0111110111111101111111111101111111111100111,吳師在陳，楚大夫皆懼，曰：“闔廬惟能用其民，以敗我於柏舉。今聞其嗣又甚焉，將若之何？”
01111001111111111110111111110111111111011011110111101011111111111101111011110111110111011111111101111011111110110111011111111001011110111111101111010111111111111111111111011110111101111111111110111111011111111,子西曰：“二三子恤不相睦，無患吳矣。昔闔廬食不二味，居不重席，室不崇壇，器不彤鏤，宮室不觀，舟車不飾；衣服財用，擇不取費。在國，天有災癘，親巡孤寡而共其乏困。在軍，熟食者分而後敢食，其所嘗者，卒乘與焉。勤恤其民，而與之勞逸，是以民不罷勞，死知不曠。吾先大夫子常易之，所以敗我也。今聞夫差，次有臺榭陂池焉，宿有妃嬙嬪御焉；一日之行，所欲必成，玩好必從；珍異是聚，觀樂是務；視民如讎，而用之日新。夫先自敗也已，安能敗我？”
1100110011011,冬，十一月，晉趙鞅伐朝歌。
1,
011111111111,二年，春，伐邾，將伐絞。
011111111111111111,邾人愛其土，故賂以漷、沂之田而受盟。
110111110111,初，衛侯游于郊，子南仆。
1111111111111,公曰：“餘無子，將立女。”
111,不對。
0111111111110110111101100111101111011111,他日又謂之，對曰：“郢不足以辱社稷，君其改圖。君夫人在堂，三揖在下，君命只辱。”
1100111,夏，衛靈公卒。
011111001101101111,夫人曰：“命公子郢為太子，君命也。”
11111111111111111111111111101111111,對曰：“郢異於他子，且君沒於吾手，若有之，郢必聞之。且亡人之子輒在。”
1111,乃立輒。
010110011001111,六月乙酉，晉趙鞅納衛太子于戚。
111011111111111111,宵迷，陽虎曰：“右河而南，必至焉。”
1011111011111111,使太子絻，八人衰绖，偽自衛逆者。
111111111111,告於門，哭而入，遂居之。
01110110110111001101111,哀公秋，八月，齊人輸范氏粟，鄭子姚、子般送之。
001111011111111,士吉射逆之，趙鞅禦之，遇於戚。
0111111111011111110111111111111111111111011111111101111,陽虎曰：“吾車少，以兵車之旆與罕、駟兵車先陳。罕、駟自後隨而從之，彼見吾貌，必有懼心，於是乎會之，必大敗之。”
111,從之。
111111,卜戰，龜焦。
011111111111111111111111111011111,樂丁曰：“《詩》曰：‘爰始爰謀，爰契我龜。’謀協，以故兆詢可也。”
0111110110010101101011110111111011111111110111111101110111011101110111111101110011110011111101101011101111101111111111111101111011111111101011111110111111,簡子誓曰：“范氏、中行氏反易天明，斬艾百姓，欲擅晉國而滅其君。寡君恃鄭而保焉。今鄭為不道，棄君助臣，二三子順天明，從君命，經德義，除詬恥，在此行也。克敵者，上大夫受縣，下大夫受郡，士田十萬，庶人工商遂，人臣隸圉免。志父無罪，君實圖之！若其有罪，絞縊以戮，桐棺三寸，不設屬辟，素車樸馬，無入于兆，下卿之罰也。”
0111110011011001111,甲戌，將戰，郵無恤御簡子，衛太子為右。
10110101110111111111,登鐵上，望見鄭師眾，大子懼，自投于車下。
0110111111111101111,子良授太子綏，而乘之，曰：“婦人也。”
01011111011011111111111111101111111111111,簡子巡列，曰：“畢萬，匹夫也，七戰皆獲，有馬百乘，死於牖下。群子勉之！死不在寇。”
01101101111,繁羽御趙羅，宋勇為右。
1111111,羅無勇，麇之。
111111111111111,吏詰之，御對曰：“痁作而伏。”
001111100011010001100011000110111101111010111111101110111111111101110111011110111101110111110111111,衛太子禱曰：“曾孫蒯聵敢昭告皇祖文王、烈祖康叔，文祖襄公：鄭勝亂從，晉午在難，不能治亂，使鞅討之。蒯聵不敢自佚，備持矛焉。敢告無絕筋，無折骨，無面傷，以集大事，無作三祖羞。大命不敢請，佩玉不敢愛。”
011011111101111011,鄭人擊簡子中肩，斃于車中，獲其蜂旗。
0111111,太子救之以戈。
01111000011,鄭師北，獲溫大夫趙羅。
01111101011111111,太子復伐之，鄭師大敗，獲齊粟千車。
0111111111,趙孟喜曰：“可矣。”
01111111111111111111,傅叟曰：“雖克鄭，猶有知在，憂未艾也。”
1101101110011110111111,初，周人與范氏田，公孫尨稅焉，趙氏得而獻之。
11111,吏請殺之。
01111111111111,趙孟曰：“為其主也，何罪？”
111111,止而與之田。
111111101111011101101101111111111111,及鐵之戰，以徒五百人宵攻鄭師，取蜂旗於子姚之幕下，獻，曰：“請報主德。”
10111111001111101111,追鄭師，姚、般、公孫林殿而射，前列多死。
0111111111,趙孟曰：“國無小。”
11101111111011011110111111,既戰，簡子曰：“吾伏弢嘔血，鼓音不衰，今日我上也。”
011111111111111111111111,太子曰：“吾救主於車，退敵於下，我，右之上也。”
011111111111111111111111,郵良曰：“我兩靷將絕，吾能止之，我，御之上也。”
1111111111,駕而乘材，兩靷皆絕。
00111011,吳泄庸如蔡納聘。
11111,而稍納師。
11111111,師畢入，眾知之。
0110111001111,蔡侯告大夫，殺公子駟以說。
11011,哭而遷墓。
11111011,冬，蔡遷于州來。
1,
11111111111011011,三年，春，齊、衛圍戚，求援于中山。
11000110111,夏，五月辛卯，司鐸火。
1101111111,火逾公宮，桓、僖災。
01111111,救火者皆曰顧府。
000111101101111111111111111111,南宮敬叔至，命周人出御書，俟於宮，曰：“庀女，而不在，死。”
00011110110111011,子服景伯至，命宰人出禮書，以待命。
10111011,命不共，有常刑。
0111101111011110111101011,校人乘馬，巾車脂轄，百官官備，府庫慎守，官人肅給。
1101101111,濟濡帷幕，郁攸從之。
110111011101111,蒙葺公屋，自太廟始，外內以悛。
11111,助所不給。
1101111011111,有不用命，則有常刑，無赦。
0001111011011,公父文伯至，命校人駕乘車。
0011101110111110111111111111,季桓子至，御公立于象魏之外，命救火者傷人則止，財可為也。
1101111101011111,命藏象魏，曰：“舊章不可亡也。”
001111111110111101111,富父槐至，曰：“無備而官辦者，猶拾瀋也。”
0011111111011,於是乎去表之槁，道還公宮。
011111111111111111,孔子在陳，聞火，曰：“其桓、僖乎！”
01101110110110011111011,劉氏、范氏世為婚姻，萇弘事劉文公，故周與范氏。
011111,趙鞅以為討。
00011011011,六月癸卯，周人殺萇弘。
11011111011111110011111111111111111111111,秋，季孫有疾，命正常曰：“無死！南孺子之子，男也，則以告而立之；女也，則肥也可。”
011101011,季孫卒，康子即位。
11101111,既葬，康子在朝。
011110111111111101101111011101111111111011111111111111111,南氏生男，正常載以如朝，告曰：“夫子有遺言，命其圉臣曰：南氏生男，則以告於君與大夫而立之。’今生矣，男也，敢告。”
1111,遂奔衛。
01111,康子請退。
1101111111111,公使共劉視之，則或殺之矣。
1111,乃討之。
101101111,召正常，正常不反。
1101100110111111101111111110111111111,冬，十月，晉趙鞅圍朝歌，師于其南，荀寅伐其郛，使其徒自北門入，己犯師而出。
0111011,癸醜，奔邯鄲。
0011011001110111,十一月，趙鞅殺士皋夷，惡范氏也。
1,
01111011111,四年，春，蔡昭將如吳。
10111111111001111111101111,諸大夫恐其又遷也，承；公孫翩逐而射之，入於家人而卒。
11111111111,以兩矢門之，眾莫敢進。
001111111111111111111,文之鍇後至，曰：“如墻而進，多而殺二人。”
111111111111111111,鍇執弓而先，翩射之，中肘；鍇遂殺之。
110011100110011,故逐公孫辰而殺公孫姓、公孫盱。
11011101111011,夏，楚人既克夷虎，乃謀北方。
000110001100011110111011110111111111111101111,左司馬眅、申公壽餘、葉公諸梁致蔡於負函，致方城之外於繒關，曰：“吳將泝江入郢，將奔命焉。”
10111111111,為一昔之期，襲梁及霍。
00110110111,單浮餘圍蠻氏，蠻氏潰。
00111011,蠻子赤奔晉陰地。
011111101111011,司馬起豐、析與狄戎，以臨上雒。
01110110111011110110000111111111101111111110111111111110110111,左師軍于菟和，右師軍于倉野，使謂陰地之命大夫士蔑曰：“晉、楚有盟，好惡同之。若將不廢，寡君之愿也。不然，將通於少習以聽命。”
0111011,士蔑請諸趙孟。
0111101111111111111111,趙孟曰：“晉國未寧，安能惡於楚？必速與之！”
01110111111111011111111111,士蔑乃致九州之戎，將裂田以與蠻子而城之，且將為之卜。
0111111111101111011011,蠻子聽卜，遂執之與其五大夫，以畀楚師于三戶。
01111111111011111111,司馬致邑立宗焉，以誘其遺民，而盡俘以歸。
101100110110011011,秋七月，齊陳乞、弦施、衛甯跪救范氏。
0111011,庚午，圍五鹿。
011011011,九月，趙鞅圍邯鄲。
1100110111,冬，十一月，邯鄲降。
01101101111,荀寅奔鮮虞，趙稷奔臨。
0011011111111,十二月，弦施逆之，遂墮臨。
011111111111110110111101110111011011,國夏伐晉，取邢、任、欒、鄗、逆畤、陰人、盂、壺口，會鮮虞，納荀寅于柏人。
1,
0111111011011001111,五年，春，晉圍柏人，荀寅、士吉射奔齊。
11011101100111101111011,初，范氏之臣王生惡張柳朔，言諸昭子，使為柏人。
011111111111,昭子曰：“夫非而讎乎？”
1111011111111111111111111111111,對曰：“私讎不及公，好不廢過，惡不去善，義之經也，臣敢違之？”
101110011111111111111111101111111011111,及范氏出，張柳朔謂其子：“爾從主，勉之！我將止死，王生授我矣，吾不可以僭之。”
111011,遂死於柏人。
110111101111111011,夏，趙鞅伐衛，范氏之故也，遂圍中牟。
00111111111,齊燕姬生子，不成而死。
00011111110111101111111111101111101100111,諸子鬻姒之子荼嬖，諸大夫恐其為太子也，言於公曰：“君之齒長矣，未有太子，若之何？”
11110011101111011111111111111,公曰：“二三子間於憂虞，則有疾疢，亦姑謀樂，何憂於無君？”
111100110011111101111,公疾，使國惠子、高昭子立荼，寘群公子於萊。
1100111,秋，齊景公卒。
110110011001100111100110001111,冬，十月，公子嘉、公子駒、公子黔奔衛，公子鉏、公子陽生來奔。
01111110111111101111111111111111111,萊人歌之曰：“景公死乎不與埋，三軍之事乎不與謀，師乎師乎，何黨之乎？”
10111110011111111011111,鄭駟秦富而侈，嬖大夫也，而常陳卿之車服於其庭。
0111111,鄭人惡而殺之。
0111111111111111111111111111111110111111111110111101111,子思曰：“《詩》曰：‘不解于位，民之攸墍。’不守其位而能久者鮮矣。商頌曰：‘不僭不濫，不敢怠皇，命以多福。’”
1,
01111110111011111,六年，春，晉伐鮮虞，治范氏之亂也。
1111110111,吳伐陳，復修舊怨也。
01111101111111011111,楚子曰：“吾先君與陳有盟，不可以不救。”
111111011,乃救陳，師于城父。
001111111111110111,齊陳乞偽事高、國者，每朝，必驂乘焉。
11111101111110111111111111111011111111111111111111111111111111111111,所從，必言諸大夫曰：“彼皆偃蹇，將棄子之命。皆曰：‘高、國得君，必偪我，盍去諸？’固將謀子，子早圖之！圖之，莫如盡滅之。需，事之下也。”
11111111101111111111110111111111,及朝，則曰：“彼，虎狼也。見我在子之側，殺我無日矣，請就之位。”
11101111111111101111011111110110111111101111110111111111111110111111111,又謂諸大夫曰：“二子者禍矣，恃得君而欲謀二三子，曰：國之多難，貴寵之由，盡去之而後君定。’既成謀矣，盍及其未作也，先諸？作而後悔，亦無及也。”
01111,大夫從之。
11010110110111011111011,夏，六月戊辰，陳乞、鮑牧及諸大夫以甲入于公宮。
011111011111,昭子聞之，與惠子乘如公。
111111,戰于莊，敗。
01111011111101101101111,國人追之，國夏奔莒，遂及高張、晏圉、弦施來奔。
110110110111111,秋，七月，楚子在城父，將救陳。
111111111111,卜戰，不吉；卜退，不吉。
111111111110110111111111101111111111111,王曰：“然則死也。再敗楚師，不如死；棄盟、逃讎，亦不如死。死一也。其死讎乎！”
10011111111100111111110011110111,命公子申為王，不可；則命公子結，亦不可；則命公子啟，五辭而後許。
1111111,將戰，王有疾。
01101101111011,庚寅，昭王攻大冥，卒于城父。
01111110111111111111111111111111111111111011111,子閭退，曰：“君王舍其子而讓，群臣敢忘君乎？從君之命，順也；立君之子，亦順也。二順不可失也。”
10110111011111011111110111,與子西、子期謀，潛師閉涂，逆越女之子章立之，而後還。
111111110110111111,是歲也，有云如眾赤鳥，夾日以飛三日。
011110011,楚子使問諸周大史。
00111111111111111110110111,周大史曰：“其當王身乎！若萗之，可移於令尹、司馬。”
111110111111101111101110111111111111111111,王曰：“除腹心之疾，而寘諸股肱，何益？不穀不有大過，天其夭諸？有罪受罰，又焉移之？”
1111,遂弗萗。
1101111111111111,初，昭王有疾，卜曰：“河為祟。”
1111,王弗祭。
0111111,大夫請祭諸郊。
111101011111111111111111111011111111101101111101111,王曰：“三代命祀，祭不越望。江、漢、雎、漳，楚之望也。禍福之至，不是過也。不穀雖不德，河非所獲罪也。”
1111,遂弗祭。
011110011011111011111101111110111101111011111111101111111111111111111111111111,孔子曰：“楚昭王知大道矣。其不失國也，宜哉！夏書曰：‘惟彼陶唐，帥彼天常，有此冀方。今失其行，亂其紀綱，乃滅而亡。’又曰：‘允出茲在茲。’由己率常，可矣。”
0110001111,八月，齊邴意茲來奔。
0011100011,陳僖子使召公子陽生。
01111000111111111011111011111111111111,陽生駕而見南郭且于，曰：“嘗獻馬於季孫，不入於上乘，故又獻此，請與子乘之。”
10111111,出萊門而告之故。
0111111111,闞止知之，先待諸外。
011111111111111111,公子曰：“事未可知，反，與壬也處。”
111111,戒之，遂行。
111111101111,逮夜，至於齊，國人知之。
0110111111111111,僖子使子士之母養之，與饋者皆入。
1100011111,冬，十月丁卯，立之。
111011111,將盟，鮑子醉而往。
1111011111111111,其臣差車鮑點曰：“此誰之命也？”
011110110111,陳子曰：“受命于鮑子。”
1101111111111,遂誣鮑子曰：“子之命也！”
0111111111001111111111111,鮑子曰：“女忘君之為孺子牛而折其齒乎，而背之也？”
01011111111011111111111111011111111111011111111111111111111111111111,悼公稽首，曰：“吾子，奉義而行者也。若我可，不必亡一大夫；若我不可，不必亡一公子。義則進，否則退，敢不唯子是從？廢興無以亂，則所愿也。”
011111111111,鮑子曰：“誰非君之子？”
1111,乃受盟。
1011001111101110111011101101111,使胡姬以安孺子如賴，去鬻姒，殺王甲，拘江說，囚王豹于句竇之丘。
110111011111111111111111111011111111110111110111,公使朱毛告於陳子，曰：“微子，則不及此。然君異於器，不可以二。器二不匱，君二多難，敢布諸大夫。”
01111111111111111110111111111011011101101111111111111011111,僖子不對而泣，曰：“君舉不信群臣乎？以齊國之困，困又有憂，少君不可以訪，是以求長君，庶亦能容群臣乎！不然夫孺子何罪？”
10111111,毛復命，公悔之。
1111111101111111111,毛曰：“君大訪於陳子，而圖其小可也。”
11101111,使毛遷孺子於駘。
1111101111110011,不至，殺諸野幕之下，葬諸殳冒淳。
1,
0111101111111111,七年，春，宋師侵鄭，鄭叛晉故也。
0111111111,晉師侵衛，衛不服也。
11111111,夏，公會吳于鄫。
111011,吳來徵百牢。
0001111101111111,子服景伯對曰：“先王未之有也。”
0111110111110111111100111101011011111,吳人曰：“宋百牢我，魯不可以後宋。且魯牢晉大夫過十，吳王百牢，不亦可乎？”
011111011101110110111010111111111101111111110111111111111111101110111111011111011111011110111,景伯曰：“晉范鞅貪而棄禮，以大國懼敝邑，故敝邑十一牢之，君若以禮命於諸侯，則有數矣。若亦棄禮，則有淫者矣。周之王也，制禮，上物不過十二，以為天之大數也。今棄周禮，而曰必百牢，亦唯執事。”
01111,吳人弗聽。
01111111110110111111111111,景伯曰：“吳將亡矣，棄天而背本。不與，必棄疾於我。”
1111,乃與之。
001100110110111,大宰嚭召季康子，康子使子貢辭。
001111011111011011111111,大宰嚭曰：“國君道長，而大夫不出門，此何禮也？”
111111111101110111111011111111111101101111111111101011101101111110111111111111111111,對曰：“豈以為禮？畏大國也。大國不以禮命於諸侯，茍不以禮，豈可量也？寡君既共命焉，其老豈敢棄其國？大伯端委以治周禮，仲雍嗣之，斷發文身，裸以為飾，豈禮也哉？有由然也。”
111111111111,反自鄫，以吳為無能為也。
001111111011111,季康子欲伐邾，乃饗大夫以謀之。
0001111101111111101111111101111110111111111111111101111111111,子服景伯曰：“小所以事大，信也；大所以保小，仁也。背大國，不信；伐小國，不仁。民保於城，城保於德。失二德者，危，將焉保？”
01111001111111111111,孟孫曰：“二三子以為何如？惡賢而逆之？”
11111101101110110111111111111111111111111111111111111111111111111,對曰：“禹合諸侯於涂山，執玉帛者萬國。今其存者，無數十焉，唯大不字小、小不事大也。知必危，何故不言？魯德如邾，而以眾加之，可乎？”
11111,不樂而出。
11111101111011,秋，伐邾，及范門，猶聞鐘聲。
0111111,大夫諫，不聽。
001111111111111111111101111111111111110111111,茅成子請告於吳，不許，曰：“魯擊柝聞於邾；吳二千里，不三月不至，何及於我？且國內豈不足？”
0111111111111011,成子以茅叛，師遂入邾，處其公宮。
11111111111,眾師晝掠，邾眾保于繹。
11111001111101111011011111,師宵掠，以邾子益來，獻于亳社，囚諸負瑕，負瑕故有繹。
1001101011011111111111111011111111111110111110111110111111111111111101111111110111111111111101011111111110111111111101111111111111111111,邾茅夷鴻以束帛乘韋自請救於吳，曰：“魯弱晉而遠吳，馮恃其眾，而背君之盟，辟君之執事，以陵我小國。邾非敢自愛也，懼君威之不立。君威之不立，小國之憂也。若夏盟於鄫衍，秋而背之，成求而不違，四方諸侯其何以事君？且魯賦八百乘，君之貳也；邾賦六百乘，君之私也。以私奉貳，唯君圖之！”
01111,吳子從之。
01111001111101111111111011111,宋人圍曹，鄭桓子思曰：“宋人有曹，鄭之患也，不可以不救。”
1101111111,冬，鄭師救曹，侵宋。
1101111011101111111,初，曹人或夢眾君子立于社宮，而謀亡曹。
1001110011111,曹叔振鐸請待公孫強，許之。
111111111,旦而求之，曹無之。
1111111111100111111111,戒其子曰：“我死，爾聞公孫強為政，必去之。”
10010111011,及曹伯陽即位，好田弋。
10100101110111111101111111,曹鄙人公孫強好弋，獲白雁，獻之，且言田弋之說，說之。
110111111,因訪政事，大說之。
11111011011,有寵，使為司城以聽政。
1111111,夢者之子乃行。
11111011011111111111,強言霸說於曹伯，曹伯從之，乃背晉而奸宋。
0111101111101111110110110111111,宋人伐之，晉人不救，筑五邑於其郊，曰黍丘、揖丘、大城、鐘、邘。
1,
011110111111000111,八年，春，宋公伐曹將還，褚師子肥殿。
01111111,曹人詬之，不行。
1111,師待之。
1111111111111110011001111111,公聞之，怒，命反之，遂滅曹，執曹伯陽及司城強以歸，殺之。
111111111110011,吳為邾故，將伐魯，問於叔孫輒。
0011111101101111101111,叔孫輒對曰：“魯有名而無情，伐之必得志焉。”
11100011,退而告公山不狃。
000111101110111110111111111011111111111111111111111111111110111101111111111111111111111,公山不狃曰：“非禮也。君子違，不適讎國。未臣而有伐之，奔命焉，死之可也。所托也則隱。且夫人之行也，不以所惡廢鄉。今子以小惡而欲覆宗國，不亦難乎？若使子率，子必辭。王將使我。”
01111,子張疾之。
111011,王問於子泄。
111111111111111011111101011111111111111111111111111111111111111111,對曰：“魯雖無與立，必有與斃；諸侯將救之，未可以得志焉。晉與齊、楚輔之，是四讎也。夫魯，齊、晉之唇。唇亡齒寒，君所知也，不救何為？”
0111111011111111011,三月，吳伐我，子泄率，故道險，從武城。
110011111111111011011111111111111,初，武城人或有因於吳竟田焉，拘鄫人之漚菅者，曰：“何故使吾水滋？”
10111111111011111,及吳師至，拘者道之以伐武城，克之。
01111110001111110111,王犯嘗為之宰，澹臺子羽之父好焉，國人懼。
011011100111,懿子謂景伯：“若之何？”
11110111111111111111111111111,對曰：“吳師來，斯與之戰，何患焉？且召之而至，又何求焉？”
0110111111011,吳師克東陽而進，舍於五梧。
01111011,明日，舍於蠶室。
0011000111111101100111111,公賓庚、公甲叔子與戰于夷，獲叔子與析朱鉏，獻於王。
1111101111111111111,王曰：“此同車，必使能，國未可望也。”
01111011111011,明日，舍于庚宗，遂次於泗上。
011110111110111110111011101111,微虎欲宵攻王舍，私屬徒七百人三踴於幕庭，卒三百人，有若與焉。
1011111101111101111111011011111,及稷門之內，或謂季孫曰：“不足以害吳，而多殺國士，不如已也。”
1111,乃止之。
0111101111,吳子聞之，一夕三遷。
01011111011110111111111111111101111111111101111101111111101111111111111,吳人行成，將盟，景伯曰：“楚人圍宋，易子而食，析骸而爨，猶無城下之盟；我未及虧，而有城下之盟，是棄國也。吳輕而遠，不能久，將歸矣，請少待之。”
111,弗從。
0101111011,景伯負載，造於萊門。
11101111101111100011110111,乃請釋子服何於吳，吳人許之，以王子姑曹當之，而後止。
011111,吳人盟而還。
0011111001111111011111,齊悼公之來也，季康子以其妹妻之，即位而逆之。
0011111111111111,季魴侯通焉，女言其情，弗敢與也。
0111,齊侯怒。
110110011111111111,夏，五月，齊鮑牧帥師伐我，取讙及闡。
110110111100111111,或譖胡姬於齊侯曰：“安孺子之黨也。”
011011011,六月，齊侯殺胡姬。
011111111111111011,齊侯使如吳請師，將以伐我，及歸邾子。
01101101100011111101111111,邾子又無道，吳子使大宰子餘討之，囚諸樓臺，栫之以棘。
110110011111,使諸大夫奉太子革以為政。
111111,秋，及齊平。
01100111011,九月，臧賓如如齊蒞盟。
10011011110111111,齊閭丘明來蒞盟，且逆季姬以歸，嬖。
0111101111111111111,鮑牧又謂群公子曰：“使女有馬千乘乎？”
01111,公子愬之。
1101111111111111111111111111111111111111,公謂鮑子：“或譖子，子姑居於潞以察之。若有之，則分室以行；若無之，則反子之所。”
0111100011101111011,出門，使以三分之一行；半道，使以二乘。
111111111111,及潞，麇之以入，遂殺之。
1100110111111011111,冬，十二月，齊人歸讙及闡，季姬嬖故也。
1,
0111101100111111,九年，春，齊侯使公孟綽辭師于吳。
011110101011111111111111011111,吳子曰：“昔歲寡人聞命，今又革之，不知所從，將進受命於君。”
1001110111111111,鄭武子剩之嬖許瑕求邑，無以與之。
1111111110011,請外取，許之，故圍宋雍丘。
101101101011111,宋皇瑗圍鄭師，每日遷舍，壘合。
0111,鄭師哭。
01111011,子姚救之，大敗。
0001111011011111111110110111,二月甲戌，宋取鄭師于雍丘，使有能者無死，以郟張與鄭羅歸。
1101111111111,夏，楚人伐陳，陳即吳故也。
01111,宋公伐鄭。
111111111111,秋，吳城邗，溝通江、淮。
00111111111111011011011,晉趙鞅卜救鄭，遇水適火，占諸史趙、史墨、史龜。
011111111101011111111101111111111111,史龜曰：“是謂沈陽，可以興兵，利以伐姜，不利子商。伐齊則可，敵宋不吉。”
011111111111101111111011110110110111111111111111,史墨曰：“盈，水名也；子，水位也。名位敵，不可干也。炎帝為火師，姜姓其後也。水勝火，伐姜則可。”
011111111111011111101101111111111110111,史趙曰：“是謂如川之滿，不可游也。鄭方有罪，不可救也。救鄭則不吉，不知其他。”
0111011111111111111110111100110110111111101111111110110101110111111111,陽虎以《周易》筮之，遇泰之需曰：“宋方吉，不可與也。微子啟，帝乙之元子也。宋、鄭，甥舅也。祉，祿也。若帝乙之元子歸妹而有吉祿，我安得吉焉？”
111,乃止。
11011111111,冬，吳子使來儆師伐齊。
1,
01111001111111111111,十年，春，邾隱公來奔；齊甥也，故遂奔齊。
1101101101110111111,公會吳子、邾子、郯子伐齊南鄙，師于鄎。
0110111111,齊人弒悼公，赴于師。
01111101111,吳子三日哭于軍門之外。
011011111110111101111,徐承帥舟師將自海入齊，齊人敗之，吳師乃還。
110111111011111,夏，趙鞅帥師伐齊，大夫請卜之。
01111111101111111110111111,趙孟曰：“吾卜於此起兵，事不再令，卜不襲吉。行也！”
00111111101111111111,於是乎取犁及轅，毀高唐之郭，侵及賴而還。
1101111111,秋，吳子使來復儆師。
11001111100001111101111111111111011111111111111111110111,冬，楚子期伐陳，吳延州來季子救陳，謂子期曰：“二君不務德，而力爭諸侯，民何罪焉？我請退，以為子名，務德而安民。”
111,乃還。
1,
0011111111101100111111111,十一年，春，齊為鄎故，國書、高無丕帥師伐我，及清。
0111101111011111111100111,季孫謂其宰冉求曰：“齊師在清，必魯故也，若之何？”
11111111111111111,求曰：“一子守，二子從公禦諸竟。”
011111111,季孫曰：“不能。”
11111011111,求曰：“居封疆之間。”
01111111111,季孫告二子，二子不可。
1111101111111111110111111111011111111111011111111111111111111111110111111101111011111111111101111,求曰：“若不可，則君無出。一子帥師，背城而戰，不屬者，非魯人也。魯之群室眾於齊之兵車，一室敵車優矣，子何患焉？二子之不欲戰也宜，政在季氏。當子之身，齊人伐魯而不能戰，子之恥也，大不列於諸侯矣。”
01111111101111,季孫使從於朝，俟於黨氏之溝。
01111111,武叔呼而問戰焉。
1111011011011111,對曰：“君子有遠處，小人何知？”
0111111111010111101111111,懿子強問之，對曰：“小人慮材而言，量力而共者也。”
011111111101111,武叔曰：“是謂我不成丈夫也。”
11111,退而搜乘。
00011011011101111,孟孺子泄帥右師，顏羽御，邴泄為右。
0110110011101111,冉求帥左師，管周父御，樊遲為右。
0111111111,季孫曰：“須也弱。”
01111101111,有子曰：“就用命焉。”
01110110110010111011011111101111,季氏之甲七千，冉有以武城人三百為己徒卒，老幼守宮，次于雩門之外。
11101111,五日，右師從之。
0001101111111111111101111011111111111111111111,公叔務人見保者而泣，曰：“事充，政重，上不能謀，士不能死，何以治民？吾既言之矣，敢不勉乎！”
11011111,師及齊師戰于郊。
01101111111,齊師自稷曲，師不逾溝。
01111111111111110111111,樊遲曰：“非不能也，不信子也，請三刻而逾之。”
1111111,如之，眾從之。
11011,師入齊軍。
011101111,右師奔，齊人從之。
01101111,陳瓘、陳莊涉泗。
001111111111111111111111,孟之側後入以為殿，抽矢策其馬，曰：“馬不進也。”
001111111111,林不狃之伍曰：“走乎？”
0111111111,不狃曰：“誰不如？”
111011111,曰：“然則止乎？”
011111111,不狃曰：“惡賢？”
01111,徐步而死。
1101011010111,師獲甲首八十，齊人不能師。
1111101111,宵諜曰：“齊人遁。”
011111101111,冉有請從之三，季孫弗許。
001111111110111110110101111111111111111111,孟孺子語人曰：“我不如顏羽，而賢於邴泄。子羽銳敏，我不欲戰而能默，泄曰：‘驅之’。”
0111010111111111,公為與其嬖僮汪锜乘，皆死，皆殯。
01111110111011111111,孔子曰：“能執干戈以衛社稷，可無殤也。”
01111011111111,冉有用矛於齊師，故能入其軍。
0111111,孔子曰：義也。
110010111,夏，陳轅頗出奔鄭。
1101101110111111111111011,初，轅頗為司徒，賦封田以嫁公女；有餘，以為己大器。
01111111,國人逐之，故出。
111110110110110111,道渴，其族轅咺進稻醴、粱糗、腶脯焉。
1111011111,喜曰：“何其給也？”
1111111111,對曰：“器成而具。”
111111111,曰：“何不吾諫？”
111111111,對曰：“懼先行。”
111111101111,為郊戰故，公會吳子伐齊。
011111,五月，克博。
0111111,壬申，至于嬴。
01111001101100011011011011,中軍從王，胥門巢將上軍，王子姑曹將下軍，展如將右軍。
10110110011011011011,齊國書將中軍，高無丕將上軍，宗樓將下軍。
001111111111110111,陳僖子謂其弟書：“爾死，我必得志。”
00110011111,宗子陽與閭丘明相厲也。
0011011,桑掩胥御國子。
001111111111,公孫夏曰：“二子必死。”
1110011111011,將戰，公孫夏命其徒歌虞殯。
0011111011,陳子行命其徒具含玉。
001111111101111111,公孫揮命其徒曰：“人尋約，吳發短。”
00111111111111111,東郭書曰：“三戰必死，於此三矣。”
110111111111111111,使問弦多以琴，曰：“吾不復見子矣。”
011111111111011111111,陳書曰：“此行也，吾聞鼓而已，不聞金矣。”
01111011,甲戌，戰于艾陵。
0110110110011011110101110110011001101100110101110101111111,展如敗高子，國子敗胥門巢，王卒助之，大敗齊師，獲國書、公孫夏、閭丘明、陳書、東郭書，革車八百乘，甲首三千，以獻于公。
11101101111111111,將戰，吳子呼叔孫曰：“而事何也？”
111110111,對曰：“從司馬。”
1111101111111011110111,王賜之甲、劍鈹，曰：“奉爾君事，敬無廢命！”
011111,叔孫未能對。
011111101111111,衛賜進，曰：“州仇奉甲從君。”
111,而拜。
110111011111111111101110111,公使大史固歸國子之元，寘之新篋，褽之以玄纁，加組帶焉。
11111111111110111110111,寘書于其上，曰：“天若不識不衷，何以使下國？”
11111011111111110111011,吳將伐齊，越子率其眾以朝焉，王及列士皆有饋賂。
01111101111111110111,吳人皆喜，唯子胥懼，曰：“是豢吳也夫！”
1111111101111101111111111101111111101101110111111011111111111111111111111111101111111111101111111101011111101111011111111011111111111111111111,諫曰：“越在我，心腹之疾也，壤地同，而有欲於我。夫其柔服，求濟其欲也，不如早從事焉。得志於齊，猶獲石田也，無所用之。越不為沼，吳其泯矣。使醫除疾，而曰‘必遺類焉’者，未之有也。《盤庚》之誥曰：其有顛越不共，則劓殄無遺育，無俾易種于茲邑’，是商所以興也。今君易之，將以求大，不亦難乎？”
111,弗聽。
1111111101110011,使於齊，屬其子於鮑氏，為王孫氏。
111111111101111,反役，王聞之，使賜之屬鏤以死。
111111111111111111111111111111111111111,將死，曰：“樹吾墓槚，槚可材也。吳其亡乎！三年，其始弱矣。盈必毀，天之道也。”
11011101111111111111101111,秋，季孫命修守備，曰：“小勝大，禍也，齊至無日矣。”
1100010111,冬，衛大叔疾出奔宋。
1111110111111,初，疾娶于宋子朝，其娣嬖。
01110011111111111,子朝出，孔文子使疾出其妻，而妻之。
110111011111111111111111,疾使侍人誘其初妻之娣寘於犁，而為之一宮，如二妻。
0111111101111,文子怒，欲攻之，仲尼止之。
11111,遂奪其妻。
111011001111111,或淫于外州，外州人奪之軒以獻。
11111111,恥是二者，故出。
0111111011,衛人立遺，使室孔姞。
110111011111011,疾臣向魋，納美珠焉，與之城鉏。
01111111111011,宋公求珠，魋不與，由是得罪。
10111001100110011111111111111111011,及桓氏出，城鉏人攻大叔疾，衛莊公復之，使處巢，死焉，殯於鄖，葬於少禘。
110011111111111111000111111111111011,初，晉悼公子憖亡在衛，使其女仆而田，大叔懿子止而飲之酒，遂聘之，生悼子。
010111011011,悼子即位，故夏戊為大夫。
0111011011,悼子亡，衛人翦夏戊。
001111011111011,孔文子之將攻大叔也，訪於仲尼。
011110111111111101111111111,仲尼曰：“胡簋之事，則嘗學之矣；甲兵之事，未之聞也。”
1111111111111111111111,退，命駕而行，曰：“鳥則擇木，木豈能擇鳥？”
01111111111111110111111,文子遽止之曰：“圉豈敢度其私，訪衛國之難也。”
1110111111111,將止，魯人以幣召之，乃歸。
011111110111011,季孫欲以田賦，使冉有訪諸仲尼。
01111111111,仲尼曰：“丘不識也。”
111111111011111110011111111,三發，卒曰：“子為國老，待子而行，若之何子之不言也？”
0111111101111011111111111111111111111111111111111111111011111111111101110011111111011111111111111111,仲尼不對，而私於冉有曰：“君子之行也，度於禮：施取其厚，事舉其中，斂從其薄。如是，則以丘亦足矣。若不度於禮，而貪冒無厭，則雖以田賦，將又不足。且子季孫若欲行而法，則周公之典在；若欲茍而行，又何訪焉？”
111,弗聽。
1,
00111110111111,十二年，春，王正月，用田賦。
110110000111,夏，五月，昭夫人孟子卒。
01111111111,昭公娶于吳，故不書姓。
1111111011,死不赴，故不稱夫人。
10111111011,不反哭，故不言葬小君。
011111011,孔子與吊，適季氏。
0111111111,季氏不絻，放绖而拜。
11110110110011011,公會吳于橐皋，吳子使大宰嚭請尋盟。
1111101111111111111111111011111111110111110111111111110111111111111101111011111111111111,公不欲，使子貢對曰：“盟，所以周信也，故心以制之，玉帛以奉之，言以結之，明神以要之。寡君以為茍有盟焉，弗可改也已。若猶可改，日盟何益？今吾子曰‘必尋盟’，若可尋也，亦可寒也。”
11011,乃不尋盟。
101111,吳徵會于衛。
11011101011111101011,初，衛人殺吳行人且姚而懼，謀於行人子羽。
0111111011011111011111,子羽曰：“吳方無道，無乃辱吾君，不如止也。”
0111111011101111111111011101111111111111111101111111111101111,子木曰：“吳方無道，國無道，必棄疾於人。吳雖無道，猶足以患衛。往也！長木之斃，無不瘈也；國狗之瘈，無不噬也，而況大國乎！”
110111111,秋，衛侯會吳于鄖。
1101100111111111,公及衛侯、宋皇瑗盟，而卒辭吳盟。
01101111,吳人藩衛侯之舍。
000110111110111111111011110111111111111011111110111111110111,子服景伯謂子貢曰：“夫諸侯之會，事既畢矣，侯伯致禮，地主歸餼，以相辭也。今吳不行禮於衛，而藩其君舍以難之，子盍見大宰？”
1101111,乃請束錦以行。
11111001111011101101111110111111111,語及衛故，大宰嚭曰：“寡君愿事衛君，衛君之來也緩，寡君懼，故將止之。”
0111101111111111111111101111111111111111111111111110111111111111111111111011101111111111111101101111111,子貢曰：“衛君之來，必謀於其眾，其眾或欲或否，是以緩來。其欲來者，子之黨也；其不欲來者，子之讎也。若執衛君，是墮黨而崇讎也，夫墮子者得其志矣。且合諸侯而執衛君，誰敢不懼？墮黨崇讎，而懼諸侯，或者難以霸乎！”
0011111011,大宰嚭說，乃舍衛侯。
01111011,衛侯歸，效夷言。
011111111111111111111111111111111,子之尚幼，曰：“君必不免，其死於夷乎！執焉而又說其言，從之固矣。”
110011110111011,冬，十二月，螽，季孫問諸仲尼。
01111111101011111111111011111,仲尼曰：“丘聞之：火伏而後蟄者畢。今火猶西流，司暦過也。”
11111101111011011011111111,宋、鄭之間有隙地焉，曰彌作、頃丘、玉暢、嵒、戈、钖。
011011111111111,子產與宋人為成，曰“勿有是。”
11111111111101111111111,及宋平、元之族自蕭奔鄭，鄭人為之城嵒、戈、钖。
0110011111111011111111,九月，宋向巢伐鄭，取钖，殺元公之孫，遂圍嵒。
0011001111,十二月，鄭罕達救嵒。
0111011,丙申，圍宋師。
1,
0011110011111,十三年，春，宋向魋救其師。
0011111110111111,鄭子剩使徇曰：“得桓魋者有賞。”
11011,魋也逃歸。
11011111011011,遂取宋師于嵒，獲成讙、郜延。
101111,以六邑為虛。
1111001100110011011,夏，公會單平公、晉定公、吳夫差于黃池。
0101101111111100110110111111,六月丙子，越子伐吳，為二隧，疇無餘、謳陽自南方，先及郊。
00011001100011001101111,吳太子友、王子地、王孫彌庸、壽於姚自泓上觀之。
011011111111111111,彌庸見姑蔑之旗，曰：“吾父之旗也。”
1011111111,不可以見讎而弗殺也。
0111111111101111111,太子曰：“戰而不克，將亡國，請待之。”
0111111011001111,彌庸不可，屬徒五千，王子地助之。
01111011001111011,乙酉，戰，彌庸獲疇無餘，地獲謳陽。
011100111,越子至，王子地守。
0111110101110011000110011,丙戌，復戰，大敗吳師，獲太子友、王孫彌庸、壽於姚。
011111,丁亥，入吳。
0111111,吳人告敗于王。
11111101111011,王惡其聞也，自剄七人於幕下。
11010111111111,秋，七月辛丑盟，吳、晉爭先。
01111101111111,吳人曰：“於周室，我為長。”
01111101111111,晉人曰：“於姬姓，我為伯。”
011001111011101111111111010111111101111111,趙鞅呼司馬寅曰：“日旰矣，大事未成，二臣之罪也。建鼓整列，二臣死之，長幼必可知也。”
1111111111,對曰：“請姑視之。”
11111011111101111111101111101111111111111,反，曰：“肉食者無墨。今吳王有墨，國勝乎？太子死乎？且夷德輕，不忍久，請少待之。”
11011,乃先晉人。
01111101100011011111101111101111111101111111111111110110101111101101111111111111111111101111111011011110111101110111111011111111111111111111111111011110111111111111111,吳人將以公見晉侯，子服景伯對使者曰：“王合諸侯，則伯帥侯牧以見於王；伯合諸侯，則侯帥子、男以見於伯。自王以下，朝聘玉帛不同；故敝邑之職貢於吳，有豐於晉，無不及焉，以為伯也。今諸侯會，而君將以寡君見晉君，則晉成為伯矣，敝邑將改職貢：魯賦於吳八百乘，若為子、男，則將半邾以屬於吳，而如邾以事晉。且執事以伯召諸侯，而以侯終之，何利之有焉？”
01111,吳人乃止。
0111111011,既而悔之，將囚景伯。
0111111011111111111111011111,景伯曰：“何也立後於魯矣，將以二乘與六人從，遲速唯命。”
11111,遂囚以還。
10111011111110101011011011011111111111111111111111101111111111110111110111111111,及戶牖，謂太宰曰：“魯將以十月上辛有事於上帝、先王，季辛而畢，何世有職焉，自襄以來，未之改也。若不會，祝宗將曰‘吳實然』，且請魯不共，而執其賤者七人，何損焉？”
0011111110111111111011111,大宰嚭言於王曰：“無損於魯，而只為名，不如歸之。”
11011,乃歸景伯。
000101100001111101111111111011111111111111,吳申叔儀乞糧於公孫有山氏，曰：“佩玉橤兮，餘無所系之；旨酒一盛兮，餘與褐之父睨之。”
1111111111111111011111011111111,對曰：“粱則無矣，粗則有之。若登首山以呼曰‘庚癸乎’，則諾。”
111111101111011,王欲伐宋，殺其丈夫而囚其婦人。
00111111111111111,大宰嚭曰：“可勝也，而弗能居也。”
111,乃歸。
1111111,冬，吳及越平。
1,
001111111011001110011111111111011,十四年，春，西狩於大野，叔孫氏之車子鉏商獲麟，以為不祥，以賜虞人。
011111111111,仲尼觀之，曰：“麟也。”
01111,然後取之。
011111111111101111111111,小邾射以句繹來奔，曰：“使季路要我，吾無盟矣。”
10110111,使子路，子路辭。
001101111110111111111111111111111,季康子使冉有謂之曰：“千乘之國，不信其盟，而信子之言，子何辱焉？”
111110110111111111011111111111111111111111,對曰：“魯有事于小邾，不敢問故，死其城下可也。彼不臣，而濟其言，是義之也，由弗能。”
00111111011111,齊簡公之在魯也，闞止有寵焉。
10111111,及即位，使為政。
00111111111,陳成子憚之，驟顧諸朝。
10111111111111111111111,諸御鞅言於公曰：“陳、闞不可并也，君其擇焉！”
111,弗聽。
01110111111111111,子我夕，陳逆殺人，逢之，遂執以入。
01111111111011101111111111111111,陳氏方睦，使疾，而遺之潘沐，備酒肉焉，饗守囚者，醉而殺之，而逃。
011111011,子我盟諸陳於陳宗。
1101110111101111111111111111110111110110111011011111111111111111111,初，陳豹欲為子我臣，使公孫言己，已有喪而止，既而言之曰：“有陳豹者，長而上僂，望視，事君子必得志，欲為子臣，吾憚其為人也，故緩以告。”
011111111111111,子我曰：“何害？是其在我也。”
1111,使為臣。
01111111111111111111110111110111,他日，與之言政，說，遂有寵，謂之曰：“我盡逐陳氏而立女，若何？”
11111110111111101111111111,對曰：“我遠於陳氏矣，且其違者不過數人，何盡逐焉？”
11011,遂告陳氏。
01111101111111111,子行曰：“彼得君，弗先，必禍子。”
0111011,子行舍於公宮。
1101011010111111,夏，五月壬申，成子兄弟四乘如公。
0111111111111111,子我在幄，出，逆之，遂入，閉門。
01111011011,侍人禦之，子行殺侍人。
1101011011011111,公與婦人飲酒于檀臺，成子遷諸寢。
11111111,公執戈，將擊之。
010111111111111111,大史子余曰：“非不利也，將除害也。”
011111111111111111111111,成子出舍于庫，聞公猶怒，將出，曰：“何所無君？”
01111111111111111111111111011111,子行抽劍，曰：“需，事之賊也。誰非陳宗？所不殺子者，有如陳宗！”
111,乃止。
01111111110111111111,子我歸，屬徒，攻闈與大門，皆不勝，乃出。
011110110111011,陳氏追之，失道於弇中，適豐丘。
0011111111111,豐丘人執之以告，殺諸郭關。
0111000110111111,成子將殺大陸子方，陳逆請而免之。
10111111111111111101101111111111111111111111011110110111111111111111,以公命取車於道，及耏，眾知而東之，出雍門，陳豹與之車，弗受，曰：“逆為餘請，豹與餘車，餘有私焉。事子我而有私於其讎，何以見魯、衛之士？”
001111,東郭賈奔衛。
01101111011,庚辰，陳恒執公于舒州。
1111111111111111,公曰：“吾早從鞅之言，不及此。”
00111111111011111111111,宋桓魋之寵害於公，公使夫人驟請享焉，而將討之。
11111111111111,未及，魋先謀公，請以鞍易薄。
11111111101111,公曰：“不可。薄，宗邑也。”
11111111111110111101111,乃益鞍七邑，而請享公焉，以日中為期，家備盡往。
1111101111111111111111111,公知之，告皇野曰：“餘長魋也，今將禍餘，請即救。”
0001111111111111111111111011110111111011111,司馬子仲曰：“有臣不順，神之所惡也，而況人乎？敢不承命！不得左師不可，請以君命召之。”
01111111,左師每食，擊鐘。
10111111111111,聞鐘聲，公曰：“夫子將食。”
111111,既食，又奏。
11111111,公曰：“可矣。”
10111111011111101111111111111111101111111011111111111111111111111011111,以乘車往，曰：“跡人來告曰：‘逢澤有介麇焉。’公曰：‘雖魋未來，得左師，吾與之田，若何？’君憚告子，野曰：‘嘗私焉。’君欲速，故以乘車逆子。”
11111111111110111,與之乘，至，公告之故，拜，不能起。
01111111111,司馬曰：“君與之言。”
1111111111111110111,公曰：“所難子者，上有天，下有先君。”
1111110111111111111111,對曰：“魋之不共，宋之禍也，敢不唯命是聽。”
01111111111011,司馬請瑞焉，以命其徒攻桓氏。
101011111111,其父兄故臣曰：“不可。”
1011111111111,其新臣曰：“從吾君之命。”
1111,遂攻之。
011110011,子頎騁而告桓司馬。
011110111111111111111111111111111,司馬欲入，子車止之曰：“不能事君，而又伐國，民不與也，只取死焉。”
011111111,向魋遂入于曹以叛。
011101111111011111,六月，使左師巢伐之，欲質大夫以入焉。
11111111111,不能，亦入于曹，取質。
1111011111111101111100111,魋曰：“不可。既不能事君，又得罪于民，將若之何？”
1111,乃舍之。
11111,民遂叛之。
01111,向魋奔衛。
01111011111111011111111011011111,向巢來奔，宋公使止之，曰：“寡人與子有言矣，不可以絕向氏之祀。”
11111111111011111101111111111111111111011111,辭曰：“臣之罪大，盡滅桓氏可也。若以先臣之故，而使有後，君之惠也。若臣，則不可以入矣。”
0011111111111,司馬牛致其邑與珪焉而適齊。
011101100111110011111,向魋出於衛地，公文氏攻之，求夏後氏之璜焉。
11111111,與之他玉而奔齊。
00111011001111111111101111111,陳成子使為次卿，司馬牛又致其邑焉，而適吳，吳人惡之，而反。
0011110011111110011110111011,趙簡子召之，陳成子亦召之，卒於魯郭門之外，阬氏葬諸丘輿。
01100111111011,甲午，齊陳恒弒其君壬于舒州。
011111111111,孔丘三日齊，而請伐齊三。
1111111111111111100111,公曰：“魯為齊弱久矣，子之伐之，將若之何？”
1111011111111111111111111111111,對曰：“陳恒弒其君，民之不與者半。以魯之眾加齊之半，可克也。”
1111110111,公曰：“子告季孫。”
011111111111110111111111111,孔子辭，退而告人曰：“吾以從大夫之後也，故不敢不言。”
110001111111010011111110111111111111,初，孟孺子泄將圉馬於成，成宰公孫宿不受，曰：“孟孫為成之病，不圉馬焉。”
0111111011111111,孺子怒，襲成，從者不得入，乃反。
1011101111,成有司使，孺子鞭之。
110101100111010111111111111111111111111,秋，八月辛丑，孟懿子卒，成人奔喪，弗內；袒、免，哭于衢，聽共，弗許；懼，不歸。
1,
00111111111,十五年，春，成叛于齊。
011111111111,武伯伐成，不克，遂城輸。
11001101111101101100011111111111111,夏，楚子西、子期伐吳，及桐汭，陳侯使公孫貞子吊焉，及良而卒，將以尸入。
0110011111111101111101011011111101111011111,吳子使大宰嚭勞，且辭曰：“以水潦之不時，無乃廩然隕大夫之尸，以重寡君之憂，寡君敢辭。”
01001111101111011110111101101101111110111110111111010110111111111110111011011111111111110111110111111111111111111111111011111111111110111011111111111101111101111111111111111011111111110111111101110111111111111011111111011111111111011101111110111111,上介芋尹蓋對曰：“寡君聞楚為不道，薦伐吳國，滅厥民人，寡君使蓋備使，吊君之下吏。無祿，使人逢天之戚，大命隕隊，絕世于良。廢日共積，一日遷次。今君命逆使人曰‘無以尸造于門’，是我寡君之命委于草莽也。且臣聞之曰：‘事死如事生，禮也。’於是乎有朝聘而終、以尸將事之禮，又有朝聘而有遭喪之禮。若不以尸將命，是遭喪而還也，無乃不可乎！以禮防民，猶或逾之，今大夫曰‘死而棄之’，是棄禮也，其何以為諸侯主？先民有言曰：‘無穢虐士。’備使奉尸將命，茍我寡君之命達于君所，雖隕于深淵，則天命也，非君與涉人之過也。”
01111,吳人內之。
111011111110111111101101101110101110111111111111111111111111101111111011111,秋，齊陳瓘如楚，過衛，仲由見之曰：“天或者以陳氏為斧斤，既斫喪公室，而他人有之，不可知也；其使終饗之，亦不可知也。若善魯以待時，不亦可乎！何必惡焉？”
0111111101111111111,子玉曰：“然。吾受命矣，子使告我弟。”
11111100011110111110011111110111101111101111111111111101111111011110111111111011111111,冬，及齊平，子服景伯如齊，子贛為介，見公孫成，曰：“人皆臣人，而有背人之心，況齊人雖為子役，其有不貳乎？子，周公之孫也，多饗大利，猶思不義。利不可得，而喪宗國，將焉用之？”
11110111110111,成曰：“善哉！吾不早聞命。”
0010111110111111011111101111,陳成子館客，曰：“寡君使恒告曰：寡人愿事君如事衛君。’”
011011111111101111110111111111110111101111111111111111111101011011011111111111111011101111101111111111111,景伯揖子贛而進之，對曰：“寡君之愿也。昔晉人伐衛，齊為衛故，伐晉冠氏，喪車五百。因與衛地，自濟以西，禚、媚、杏以南，書社五百。吳人加敝邑以亂，齊因其病，取讙與闡，寡君是以寒心。若得視衛君之事君也，則固所愿也。”
01111111100111011111,成子病之，乃歸成，公孫宿以其兵甲入于嬴。
10110001111111,衛孔圉取太子蒯聵之姊，生悝。
01110011111001111111,孔氏之豎渾良夫長而美，孔文子卒，通於內。
01111011111,太子在戚，孔姬使之焉。
011111111111111111111110111,太子與之言曰：“茍使我入獲國，服冕、乘軒，三死無與。”
1111111011,與之盟，為請於伯姬。
011011011111011011,閏月，良夫與太子入，舍於孔氏之外圃。
111101111001111011,昏，二人蒙衣而乘，寺人羅御，如孔氏。
01110111110111111110011,孔氏之老欒寧問之，稱姻妾以告，遂入，適伯姬氏。
11100111111011111111111,既食，孔伯姬杖戈而先，太子與五人介，輿豭從之。
1011111111111011,迫孔悝於廁，強盟之，遂劫以登臺。
011011111111111011101011010111001111,欒寧將飲酒，炙未熟，聞亂，使告季子；召獲駕乘車，行爵食炙，奉衛侯輒來奔。
01111101111111111111,季子將入，遇子羔將出，曰：“門已閉矣。”
01111111111,季子曰：“吾姑至焉。”
01111111111111,子羔曰：“弗及，不踐其難！”
01111111111111,季子曰：“食焉，不辟其難。”
01110111,子羔遂出子路入。
111001111111111111,及門，公孫敢門焉，曰：“無入為也。”
011111011111111111111111111111111,季子曰：“是公孫也，求利焉，而逃其難。由不然，利其祿，必救其患。”
10111111111101110111111111111,有使者出，，乃入，曰：“太子焉用孔悝？雖殺之，必或繼之。”
111101111111111110111,且曰：“太子無勇，若燔臺，半，必舍孔叔。”
0111111101101101111111111,太子聞之，懼，下石乞、盂黡敵子路，以戈擊之，斷纓。
01111011111111,子路曰：“君子死，冠不免。”
01111,結纓而死。
01111111111111111111,孔子聞衛亂，曰：“柴也其來，由也死矣。”
011011,孔悝立莊公。
011111,莊公害故政。
111111100011110101111111111111,欲盡去之，先謂司徒瞞成曰：“寡人離病於外久矣，子請亦嘗之。”
110011111111111,歸告褚師比，欲與之伐公，不果。
1,
0011110110010111,十六年，春，瞞成、褚師比出奔宋。
011001111111010110110110111111011111101111011111111011111011110111,衛侯使鄢武子告于周曰：“蒯聵得罪于君父、君母，逋竄于晉。晉以王室之故，不棄兄弟，寘諸河上。天誘其衷，獲嗣守封焉，使下臣肸敢告執事。”
11001111111101111011110111110111111111111111111111111111,王使單平公對，曰：“肸以嘉命來告餘一人，往謂叔父：餘嘉乃成世，復爾祿次。敬之哉！方天之休。弗敬弗休，悔其可追？”
11010110111,夏，四月己丑，孔丘卒。
11111101111101011111011011011111010101110111,公誄之曰：“旻天不吊，不憖遺一老，俾屏餘一人以在位，煢煢餘在疚。嗚呼哀哉尼父！無自律。”
011111111111101111111111111111101111011111011111111111110111111111111,子贛曰：“君其不沒於魯乎！夫子之言曰：‘禮失則昏，名失則愆。’失志為昏，失所為愆。生不能用，死而誄之，非禮也；稱一人，非名也。君兩失之。”
01101101110111111,六月，衛侯飲孔悝酒於平陽，重酬之。
0111111,大夫皆有納焉。
11111011111,醉而送之，夜半而遣之。
1011011111011101111011,載伯姬於平陽而行，及西門，使貳車反祏於西圃。
000111011101111111111111111111,子伯季子初為孔氏臣，新登于公，請追之，遇載祏者，殺而乘其車。
001111111111101111111111,許公為反祏，遇之，曰：“與不仁人爭明，無不勝。”
11111111111011,必使先射，射三發，皆遠許為。
0111111,許為射之，殪。
111111111111,或以其車從，得祏於橐中。
010111,孔悝出奔宋。
000110111101111110111111,楚太子建之遇讒也，自城父奔宋；又辟華氏之亂於鄭。
011111,鄭人甚善之。
1111101111111111,又適晉，與晉人謀襲鄭，乃求復焉。
0111111,鄭人復之如初。
01111011111111,晉人使諜於子木，請行而期焉。
01011101101111,子木暴虐於其私邑，邑人訴之。
011111111111011,鄭人省之，得晉諜焉，遂殺子木。
11111111011111,其子曰勝，在吳，子西欲召之。
0111111111111011111,葉公曰：“吾聞勝也詐而亂，無乃害乎？”
01111111111111101111011111111,子西曰：“吾聞勝也信而勇，不為不利。舍諸邊竟，使衛藩焉。”
01111011111011111111110111101111111011111111111101111111,葉公曰：“周仁之謂信，率義之謂勇。吾聞勝也好復言，而求死士，殆有私乎！復言，非信也；期死，非勇也--子必悔之。”
111111111111011,弗從，召之，使處吳竟，為白公。
11110111111111111111111,請伐鄭，子西曰：“楚未節也。不然，吾不忘也。”
0111111111111,他日，又請，許之，未起師。
0111111111111,晉人伐鄭，楚救之，與之盟。
11111101111111111,勝怒，曰：“鄭人在此，讎不遠矣。”
111110111111111101111111,勝自厲劍，子期之子平見之，曰：“王孫何自厲也？”
111111111111111111111111,曰：“勝以直聞，不告女，庸為直乎？將以殺爾父。”
111011,平以告子西。
0111111111111110111111011011111111,子西曰：“勝如卵，餘翼而長之。楚國第，我死，令尹、司馬，非勝而誰？”
111111101111111111111,勝聞之，曰：“令尹之狂也！得死，乃非我。”
01111,子西不悛。
1101111111011101111111111,勝謂石乞曰：“王與二卿士，皆五百人當之，則可矣。”
1111111111,乞曰：“不可得也。”
111111001111111011011111,曰：“市南有熊宜僚者，若得之，可以當五百人矣。”
11011111,乃從白公而見之。
111111,與之言，說。
111111,告之故，辭。
11111111,承之以劍，不動。
111111111111111101101111111,勝曰：“不為利諂，不為威惕，不泄人言以求媚者，去之。”
0111101111,吳人伐慎，白公敗之。
1101111111011,請以戰備獻，許之，遂作亂。
101110110111111011,秋七月，殺子西、子期于朝，而劫惠王。
011101111,子西以袂掩面而死。
01111011111111011111,子期曰：“昔者吾以力事君，不可以弗終。”
1011010111,抉豫章以殺人而後死。
011111111111111111,石乞曰：“焚庫、弒王。不然，不濟。”
011110111111111111111111111,白公曰：“不可。弒王，不祥；焚庫，無聚，將何以守矣？”
1111101111111111101111111111111,乞曰：“有楚國而治其民，以敬事神，可以得祥，且有聚矣，何患？”
111,弗從。
0111101111111011111,葉公在蔡，方城之外皆曰：“可以入矣。”
01111111111011111111011111,子高曰：“吾聞之，以險徼幸者，其求無饜，偏重必離。”
111101110111,聞其殺齊管修也，而後入。
011011110111111111,白公欲子閭為王，子閭不可，遂劫以兵。
01111011010110101101111111111101111011101111011111111,子閭曰：“王孫若安靖楚國，匡正王室，而後庇焉，啟之愿也，敢不聽從？若將專利以傾王室，不顧楚國，有死不能。”
11111111011,遂殺之，而以王如高府。
01111,石乞尹門。
0011111111001111,圉公陽穴宮，負王以如昭夫人之宮。
01111101111111111111101111100111011111111101110011111,葉公亦至，及北門，或遇之，曰：“君胡不胄？國人望君如望慈父母焉，盜賊之矢若傷君，是絕民望也，若之何不胄？”
11111,乃胄而進。
11111111111011110111011111111111111111111111011111111111110111011011111,又遇一人曰：“君胡胄？國人望君如望歲焉，日日以幾，若見君面，是得艾也。民知不死，其亦夫有奮心，猶將旌君以徇於國；而又掩面以絕民望，不亦甚乎！”
101111,乃免胄而進。
1001111111011,遇箴尹固帥其屬，將與白公。
01111111111111111111111111,子高曰：“微二子者，楚不國矣。棄德從賊，其可保乎？”
11011,乃從葉公。
1101110110111111,使與國人以攻白公，白公奔山而縊。
11111,其徒微之。
010111011111,生拘石乞而問白公之死焉。
1111111111101111111,對曰：“餘知其死所，而長者使餘勿言。”
111111111,曰：“不言將烹。”
1111111111111111111111111,乞曰：“此事克則為卿，不克則烹，固其所也，何害？”
11011,乃烹石乞。
00110011,王孫燕奔頯黃氏。
0011111111111101111101111111,沈諸梁兼二事，國寧，乃使寧為令尹，使寬為司馬，而老於葉。
010110111100011111101111111111101100111111111,衛侯占夢，嬖人求酒於大叔僖子，不得，與卜人比，而告公曰：“君有大臣在西南隅，弗去，懼害。”
110011,乃逐大叔遺。
1111,遺奔晉。
011001111110111111100111,衛侯謂渾良夫曰：“吾繼先君而不得其器，若之何？”
011111111111110111111111111111111011111111,良夫代執火者而言，曰：“疾與亡君，皆君之子也，召之而擇材焉可也。若不材，器可得也。”
11011,豎告太子。
01111111111111111111011,太子使五人輿豭從己，劫公而強盟之，且請殺良夫。
11111111111,公曰：“其盟免三死。”
1111101011111,曰：“請三之後有罪殺之。”
11111111,公曰：“諾哉！”
1,
01001110110110111110111111111,哀公十七年春，衛侯為虎幄於藉圃，成，求令名者而與之始食焉。
0111011,太子請使良夫。
0110111101011,良夫乘衷甸兩牡，紫衣狐裘。
11011111111,至，袒裘，不釋劍而食。
0111111111111111,太子使牽以退，數之以三罪而殺之。
01101111011101111111,三月，越子伐吳，吳子禦之笠澤，夾水而陳。
011010111111111011110111111,越子為左右句卒，使夜或左或右，鼓噪而進；吳師分以御之。
0111101111011111010111111,越子以三軍潛涉，當吳中軍而鼓之，吳師大亂，遂敗之。
101111111111111110111111101111101111101110111111,晉趙鞅使告于衛，曰：“君之在晉也，志父為主。請君若太子來，以免志父。不然，寡君其曰志父之為也。”
0111110111111,衛侯辭以難，太子又使椓之。
1101101111,夏，六月，趙鞅圍衛。
10110111110110111,齊國觀、陳瓘救衛，得晉人之致師者。
0111111111101110111111111011111011111111,子玉使服而見之，曰：“國子實執齊柄，而命瓘曰‘無辟晉師’，豈敢廢命？子又何辱？”
01111111111111111,簡子曰：“我卜伐衛，未卜與齊戰。”
111,乃還。
001111011111111,楚白公之亂，陳人恃其聚而侵楚。
111111111,楚既寧，將取陳麥。
011110001100011011110001100111011011111111111,楚子問帥於大師子穀與葉公諸梁，子穀曰：“右領差車與左史老皆相令尹、司馬以伐陳，其可使也。”
0111111111111101111,子高曰：“率賤，民慢之，懼不用命焉。”
0111100111111011101101111111111111111001111110111011111111111110111111111111111,子穀曰：“觀丁父，鄀俘也，武王以為軍率，是以克州、蓼，服隨、唐，大啟群蠻。彭仲爽，申俘也，文王以為令尹，實縣申、息，朝陳、蔡，封畛於汝。唯其任也，何賤之有？”
01111011110111111111111101111111111111011011111111101111,子高曰：“天命不諂。令尹有憾於陳，天若亡之，其必令尹之子是與，君盍舍焉？臣懼右領與左史有二俘之賤而無其令德也。”
111100111,王卜之，武城尹吉。
1111111,使帥師取陳麥。
01111111111,陳人御之，敗，遂圍陳。
1100011100111111,秋，七月己卯，楚公孫朝帥師滅陳。
1101010111011,王與葉公枚卜子良以為令尹。
00111111111111,沈尹朱曰：“吉。過於其志。”
01111011011111111,葉公曰：“王子而相國，過將何為！”
0110101111011,他日，改卜子國而使為令尹。
0111011111011110101111111101111011111110011110111,衛侯夢于北宮，見人登昆吾之觀，被髪北面而噪曰：“登此昆吾之墟，綿綿生之瓜。餘為渾良夫，叫天無辜。”
111110011111111111,公親筮之，胥彌赦占之，曰：“不害。”
111111111111,與之邑，寘之而逃，奔宋。
01011111111111101101111101111111101111111111,衛侯貞卜，其繇曰：“如魚竀尾，衡流而方羊。裔焉。大國，滅之，將亡。闔門塞竇，乃自後逾。”
110111111111111111,冬，十月，晉復伐衛，入其郛，將入城。
011111101111110101111111,簡子曰：“止，叔向有言曰：‘怙亂滅國者無後。’”
0110111111,衛人出莊公而與晉平。
11011101111,晉立襄公之孫般師而還。
00110111110111,十一月，衛侯自鄄入，般師出。
111111111011,初，公登城以望，見戎州。
111111,問之，以告。
11111101111111111,公曰：“我，姬姓也，何戎之有焉？”
111,翦之。
11111,公使匠久。
111011111111,公欲逐石圃，未及而難作。
01101101111,辛巳，石圃因匠氏攻公。
101111111,公闔門而請，弗許。
1101111111,逾于北方而隊，折股。
00111100110011111001111,戎州人攻之，太子疾、公子青逾從公，戎州人殺之。
11101011,公入于戎州己氏。
111101101111111111110111,初，公自城上見己氏之妻發美，使髡之，以為呂姜髢。
111111111111111111111,既入焉，而示之璧，曰：“活我，吾與女璧。”
01111111111111,己氏曰：“殺女，璧其焉往？”
111111111,遂殺之，而取其璧。
01100011111,衛人復公孫般師而立之。
00110111101011100111011111111,十二月，齊人伐衛，衛人請平，立公子起，執般師以歸，舍諸潞。
1101111100111,公會齊侯盟于蒙，孟武伯相。
01011111,齊侯稽首，公拜。
0111,齊人怒。
01111101101110111,武伯曰：“非天子，寡君無所稽首。”
0111011110111110111,武伯問於高柴曰：“諸侯盟，誰執牛耳？”
01111011111000110111110111,季羔曰：“鄫衍之役，吳公子姑曹；發陽之役，衛石魋。”
01111111111,武伯曰：“然則彘也。”
10111111101111110111111,宋皇瑗之子麇有友曰田丙，而奪其兄酁般邑以與之。
0111111001110011,酁般慍而行，告桓司馬之臣子儀克。
0011111011111110111,子儀克適宋，告夫人曰：“麇將納桓氏。”
111011,公問諸子仲。
110111011101111,初，子仲將以杞姒之子非我為子。
11111111110111,麇曰：“必立伯也，是良材。”
011111111111011111111111,子仲怒，弗從，故對曰：“右師則老矣，不識麇也。”
1111,公執之。
01111111,皇瑗奔晉，召之。
1,
010011111011,哀公十八年春，宋殺皇瑗。
111111011111011011,公聞其情，復皇氏之族，使皇緩為右師。
01111111,巴人伐楚，圍鄾。
11000011111011110111,初，右司馬子國之卜也，觀瞻曰：“如志。”
1111,故命之。
101111111,及巴師至，將卜帥。
1111101111111,王曰：“寧如志，何卜焉？”
111111,使帥師而行。
1111111011011011111,請承，王曰：“寢尹、工尹勤先君者也。”
011100110011011011111101111,三月，楚公孫寧、吳由于、薳固敗巴師于鄾，故封子國於析。
011110111101111111111111101111111111111011101110111111,君子曰：“惠王知志。夏書曰：‘官占唯能蔽志，昆命于元龜’，其是之謂乎！志曰：‘聖人不煩卜筮’，惠王其有焉。”
11101111111111,夏，衛石圃逐其君起，起奔齊。
001110111011110110011,衛侯輒自齊復歸，逐石圃，而復石魋與大叔遺。
1,
01001110111111111,哀公十九年春，越人侵楚，以誤吳也。
11100110011011111111111,夏，楚公子慶、公孫寬追越師，至冥，不及，乃還。
111001101101011011111,秋，楚沈諸梁伐東夷，三夷男女及楚師盟于敖。
11011011011111,冬，叔青如京師，敬王崩故也。
1,
0100111011011,哀公二十年春，齊人來徵會。
111101111111111,夏，會于廩丘，為鄭故，謀伐晉。
011011,鄭人辭諸侯。
11111,秋，師還。
1000111011111111111,吳公子慶忌驟諫吳子曰：“不改，必亡。”
111,弗聽。
111111111,出居于艾，遂適楚。
1111111111011111,聞越將伐吳，冬，請歸平越，遂歸。
1101111111,欲除不忠者以說于越。
01111,吳人殺之。
001111110111011,十一月，越圍吳，趙孟降於喪食。
0111111111011111111110101111,楚隆曰：“三年之喪，親昵之極也，主又降之，無乃有故乎？”
011110111101101111111111111111110111011111111111111011111,趙孟曰：“黃池之役，先主與吳王有質，曰：‘好惡同之。’今越圍吳，嗣子不廢舊業而敵之，非晉之所能及也，吾是以為降。”
0111111011110111,楚隆曰：“若使吳王知之，若何？”
011111111,趙孟曰：“可乎？”
111111111,隆曰：“請嘗之。”
1111110111111010111111111101111101111111111111111,乃往，先造于越軍，曰：“吳犯間上國多矣，聞君親討焉，諸夏之人莫不欣喜，唯恐君志之不從，請入視之。”
111,許之。
1101111011101101111011011011111101011101111111111111110111011101111111101101111,告于吳王曰：“寡君之老無恤使陪臣隆，敢展謝其不共：黃池之役，君之先臣志父得承齊盟，曰‘好惡同之’。今君在難，無恤不敢憚勞，非晉國之所能及也，使陪臣敢展布之。”
11011110101111111110111011111,王拜稽首曰：“寡人不佞，不能事越，以為大夫憂，拜命之辱。”
111111110111101101011011111111,與之一簞珠，使問趙孟曰：“句踐將生憂寡人，寡人死之不得矣。”
1111011111111110111110111,王曰：“溺人必笑，吾將有問也。史黯何以得為君子？”
11111111011110111,對曰：“黯也進不見惡，退無謗言。”
11111111,王曰：“宜哉！”
1,
0100011101101111,哀公二十一年夏，五月，越人始來。
1101111011011111,秋，八月，公及齊侯、邾子盟于顧。
01101111111101111111111011110111111111,齊人責稽首，因歌之曰：“魯人之皋，憂不覺，使我高蹈。唯其儒書，以為二國憂。”
11111111011,是行也，公先至于陽穀。
1001111101011110111111101110111111110111101111111110111,齊閭丘息曰：“君辱舉玉趾，以在寡君之軍，群臣將傳遽以告寡君。比其復也，君無乃勤。為仆人之未次，請除館於舟道。”
1111110111,辭曰：“敢勤仆人？”
1,
010001110110011111111111011111111,哀公二十二年夏，四月，邾隱公自齊奔越，曰：“吳為無道，執父立子。”
01111001111,越人歸之，太子革奔越。
11000011111111011011,冬，十一月丁卯，越滅吳，請使吳王居甬東。
11111111111111,辭曰：“孤老矣，焉能事君？”
111,乃縊。
01111,越人以歸。
1,
0100011100111,哀公二十三年春，宋景曹卒。
0011011110111110110111111110111011110111110111111111111111010110111111011111011011111,季康子使冉有吊，且送葬，曰：“敝邑有社稷之事，使肥與有職競焉，是以不得助執紼，使求從輿人，曰：‘以肥之得備彌甥也，有不腆先人之產馬，使求薦諸夫人之宰，其可以稱旌繁乎！’”
1101110111100111111,夏，六月，晉荀瑤伐齊，高無丕帥師禦之。
0110111111111111011111111111111,知伯視齊師，馬駭，遂驅之，曰：“齊人知餘旗，其謂余畏而反也。”
11111,及壘而還。
111001111,將戰，長武子請卜。
01111111011111101101111111111110111011111111011110111111111101111,知伯曰：“君告於天子，而卜之以守龜於宗祧，吉矣，吾又何卜焉？且齊人取我英丘，君命瑤，非敢耀武也，治英丘也。以辭伐罪足矣，何必卜？”
0111101101011,壬辰，戰于犁丘，齊師敗績。
0111011,知伯親禽顏庚。
110110111111111,秋，八月，叔青如越，始使越也。
10111110111,越諸鞅來聘，報叔青也。
1,
01000111011011111110111111001101111111011011111011011001101110110111,哀公二十四年夏，四月，晉侯將伐齊，使來乞師，曰：“昔臧文仲以楚師伐齊，取穀；宣叔以晉師伐齊，取汶陽。寡君欲徼福n於周公，愿乞靈於臧氏。”
01111111011,臧石帥師會之，取廩丘。
01111111,軍吏令繕，將進。
01111111110101111111111111111110111111111,萊章曰：“君卑政暴，往歲克敵，今又勝都，天奉多矣，又焉能進？是躗言也。役將班矣。”
01111,晉師乃還。
1011101111111101111101111101111,餼臧石牛，大史謝之，曰：“以寡君之在行，牢禮不度，敢展謝之。”
0110110111111110011,邾子又無道，越人執之以歸，而立公子何。
11011,何亦無道。
0011111111011101011111,公子荊之母嬖，將以為夫人，使宗人釁夏獻其禮。
11111111,對曰：“無之。”
11111110111011110111111111,公怒曰：“女為宗司，立夫人，國之大禮也，何故無之？”
1111011011111111111111011111111111111101111111111,對曰：“周公及武公娶於薛，孝、惠娶於商，自桓以下娶於齊，此禮也則有。若以妾為夫人，則固無其禮也。”
111111111011011111,公卒立之，而以荊為太子，國人始惡之。
0111111100011111111111,閏月，公如越，得太子適郢，將妻公而多與之地。
0001111011,公孫有山使告于季孫。
01111100110111111,季孫懼，使因大宰嚭而納賂焉，乃止。
1,
0100011100011010111,哀公二十五年夏，五月庚辰，衛侯出奔宋。
01101101111010111000111011111,衛侯為靈臺于藉圃，與諸大夫飲酒焉，褚師聲子而登席，公怒。
111111111111111111111011111,辭曰：“臣有疾，異於人；若見之，君將之，是以不敢。”
1111,公愈怒。
01111111,大夫辭之，不可。
0111,褚師出。
11111111111111,公戟其手，曰：“必斷而足！”
111,聞之。
0110011111101101111,褚師與司冠亥乘，曰：“今日幸而後亡。”
11111101111100111,公之入也，奪南氏邑，而奪司寇亥政。
11011000111111,公使侍人納公文懿子之車于池。
110110011111100011,初，衛人翦夏丁氏，以其帑賜彭封彌子。
0111111011111111011,彌子飲公酒，納夏戊之女，嬖，以為夫人。
11110011101111111111011,其弟期，大叔疾之從孫甥也，少畜於公，以為司徒。
011111011,夫人寵衰，期得罪。
111111,公使三匠久。
11011011110111,公使優狡盟拳彌，而甚近信之。
10011000110011001100111110110111101111111,故褚師比、公孫彌牟、公文要、司寇亥、司徒期因三匠與拳彌以作亂，皆執利兵，無者執斤。
10111011110011111111,使拳彌入于公宮，而自太子疾之宮噪以攻公。
0011111111111111111111111110111101101111111111111111111111111111111,鄄子士請禦之，彌援其手，曰：“子則勇矣，將若君何？不見先君乎？君何所不逞欲？且君嘗在外矣，豈必不反？當今不可，眾怒難犯。休而易間也。”
111,乃出。
1111111110111111,將適蒲，彌曰：“晉無信，不可。”
111111111111110111,將適鄄，彌曰：“齊、晉爭我，不可。”
111111111111111011101111111,將適泠，彌曰：“魯不足與。請適城鉏，以鉤越。越有君。”
11011,乃適城鉏。
1111111111111111111,彌曰：“衛盜不可知也，請速，自我始。”
111111,乃載寶以歸。
110111110011111,公為支離之卒，因祝史揮以侵衛。
01111,衛人病之。
0111111111111,懿子知之，見子之，請逐揮。
011110111,文子曰：“無罪。”
01111110111111111111111111111110111111111110111111111,懿子曰：“彼好專利而妄，夫見君之入也，將先道焉。若逐之，必出於南門，而適君所。夫越新得諸侯，將必請師焉。”
11111111111,揮在朝，使吏遣諸其室。
11111111,揮出，信，弗內。
1111110111111111111,五日，乃館諸外里，遂有寵，使如越請師。
01111111001100111011,六月，公至自越，季庚子、孟武伯逆於五梧。
0111111111101111111111,郭重仆，見二子，曰：“惡言多矣，君請盡之。”
11101101111101111111111,公宴於五梧，武伯為祝，惡郭重，曰：“何肥也？”
0111111111101101011101111111110111111111,季孫曰：“請飲彘也！以魯國之密邇仇讎，臣是以不獲從君，克免於大行，又謂重也肥。”
1111101111111111,公曰：“是食言多矣，能無肥乎？”
0111111011111,飲酒不樂，公與大夫始有惡。
1,
0100011101100111100110111011011011111,哀公二十六年夏，五月，叔孫舒帥師會越皋如、舌庸、宋樂筏納衛侯，文子欲納之。
01111111111111111111111111,懿子曰：“君愎而虐，少待之，必毒於民，乃睦於子矣。”
11011111,師侵外州，大獲。
1111011,出禦之，大敗。
1000111111101111,掘褚師定子之墓，焚之于平莊之上。
01100111011111111111111101111,文子使王孫齊私於皋如，曰：“子將大滅衛乎？抑納君而已乎？”
0111101111111010111,皋如曰：“寡君之命無他，納衛君而已。”
0111111111111011111111111111,文子致眾而問焉，曰：“君以蠻夷伐國，國幾亡矣，請納之。”
11111111,眾曰：“勿納。”
11101110111101111,曰：“彌牟亡而有益，請自北門出。”
11111111,眾曰：“勿出。”
010111101111111111,重賂越人，申開守陴而納公，公不敢入。
111,師還。
101101111,立悼公，南氏相之。
1011011,以城鉏與越人。
1111111111,公曰：“期則為此。”
11011011111,令茍有怨於夫人者報之。
00111111111111,司徒期聘於越，公攻而奪之幣。
111111111111111,期告王，王命取之，期以眾取之。
111111111011111111,公怒，殺期之甥之為太子者，遂卒于越。
0011111001110011101111111,宋景公無子，取公孫周之子得與啟畜諸公宮，未有立焉。
110110110011001101101100110110110110011001101011011101111,於是皇緩為右師，皇非我為大司馬，皇懷為司徒，靈不緩為左師，樂筏為司城，樂朱鉏為大司寇，六卿三族降聽政，因大尹以達。
0111111111101111,大尹常不告，而以其欲稱君命以令。
01111,國人惡之。
0111011011111111111111111111111,司城欲去大尹，左師曰：“縱之，使盈其罪。重而無基，能無敝乎？”
1101111101101111011,冬，十月，公游于空澤，辛巳，卒于連中。
0110111111111011101111111111111111111111,大尹興空澤之士千甲，奉公自空桐入如沃宮，使召六子，曰：“聞下有師，君請六子畫。”
11111111111110111001111,六子至，以甲劫之曰：“君有疾病，請二三子盟。”
1110111111111010111,乃盟于少寢之庭，曰：“無為公室不利！”
011111011011110101111,大尹立啟，奉喪殯于大宮，三日而後國人知之。
00110111111010111111111111111111111101110111111,司城茷使宣言于國曰：“大尹惑蠱其君，而專其利，今君無疾而死，死又匿之，是無他矣，大尹之罪也。”
1110111101111111111111111011111011,得夢啟北首而寢於盧門之外，己為烏而集於其上，咮加於南門，尾加於桐門。
11111111111,曰：“餘夢美，必立。”
0111111111101111111111,大尹謀曰：“我不在盟，無乃逐我？復盟之乎！”
111011,使祝為載書。
1110111111,六子在唐盂，將盟之。
0110110011,祝襄以載書告皇非我。
00110110011001111111111111,皇非我因子潞、門尹得、左師謀曰：“民與我，逐之乎！”
11011111111101011111010111111111111,皆歸授甲，使徇于國曰：“大尹惑蠱其君，以陵虐公室；與我者，救君者也。”
11111111,眾曰：“與之！”
011111011011010111111111111,大尹徇曰：“戴氏、皇氏將不利公室，與我者，無憂不富。”
11111111,眾曰：“無別！”
011011111011110111111011111111111,戴氏、皇氏欲伐公，樂得曰：“不可。彼以陵公有罪；我伐公，則甚焉。”
10111011011111111111,使國人施于大尹，大尹奉啟以奔楚，乃立得。
011011111101011111111,司城為上卿，盟曰：“三族共政，無相害也！”
00110111110111111111111,衛出公自城鉏使以弓問子贛，且曰：“吾其入乎？”
01011111111111111,子贛稽首受弓，對曰：“臣不識也。”
11011111011111001100110111111101111101101101111111111111111111111111111111111111111111011110111111111110111111111111,私於使者曰：“昔成公孫於陳，甯武子、孫莊子為宛濮之盟而君入。獻公孫於齊，子鮮、子展為夷儀之盟而君入。今君再在孫矣，內不聞獻之親，外不聞成之卿，則賜不識所由入也。《詩》曰：‘無競惟人，四方其順之。’若得其人，四方以為主，而國於何有？”
1,
01000111011011111111111011,哀公二十七年春，越子使舌庸來聘，且言邾田，封于駘上。
0111101111111,二月，盟于平陽，三子皆從。
011111101111111111111111,康子病之，言及子贛，曰：“若在此，吾不及此夫！”
011111111111,武伯曰：“然。何不召？”
111111111,曰：“固將召之。”
01111011111,文子曰：“他日請念。”
110001100111,夏，四月己亥，季康子卒。
1111011,公吊焉，降禮。
1011111111011,晉荀瑤帥師伐鄭，次于桐丘。
10111111,鄭駟弘請救于齊。
011110011011111,齊師將興，陳成子屬孤子三日朝。
10111111111,設乘車兩馬，系五邑焉。
100111111111111111111110111111111111111111111110111,召顏涿聚之子晉，曰：“隰之役，而父死焉。以國之多難，未女恤也。今君命女以是邑也，服車而朝，毋廢前勞！”
1111,乃救鄭。
10111111101111,及留舒，違穀七里，穀人不知。
11111111,及濮，雨，不涉。
011110110110110101111111111111,子思曰：“大國在敝邑之宇下，是以告急。今師不行，恐無及也。”
0111111110111111111111,成子衣制杖戈，立於阪上，馬不出者，助之鞭之。
0111111111111111111111,知伯聞之，乃還，曰：“我卜伐鄭，不卜敵齊。”
110111101011111111111111111101111111110111111111111111111,使謂成子曰：“大夫陳子，陳之自出。陳之不祀，鄭之罪也，故寡君使瑤察陳衷焉，謂大夫其恤陳乎？若利本之顛，瑤何有焉？”
011111111111101111111,成子怒曰：“多陵人者不在，知伯其能久乎！”
0001101111110111111101111101111111111,中行文子告成子曰：“有自晉師告寅者，將為輕車千乘以厭齊師之門，則可盡也。”
01111011111111111111111111111111,成子曰：“寡君命恒曰：‘無及寡，無畏眾。’雖過千乘，敢辟之乎？”
111111011,將以子之命告寡君。
011111111011101111111111111101111111111111111111,文子曰：“吾乃今知所以亡。君子之謀也，始、衷、終皆舉之，而後入焉。今我三不知而入之，不亦難乎！”
110111111101111011111111101111,公患三桓之侈也，欲以諸侯去之；三桓亦患公之妄也，故君臣多間。
1110111001101111111101111111111,公游于陵阪，遇孟武伯於孟氏之衢，曰：“請有問於子：餘及死乎？”
11111011111,對曰：“臣無由知之。”
11111111,三問，卒辭不對。
11111111011110101111000011,公欲以越伐魯而去三桓，秋，八月甲戌，公如公孫有陘氏。
1111111111,因孫於邾，乃遂如越。
011000011,國人施公孫有山氏。
110111011111111110111101110111111111111,悼之四年，晉荀瑤帥師圍鄭，未至，鄭駟弘曰：“知伯愎而好勝，早下之，則可行也。”
111011111,乃先保南里以待之。
0110111101111,知伯入南里，門于桔柣之門。
0110011111011111111,鄭人俘酅魁壘，賂之以知政，閉其口而死。
11101101111111,將門，知伯謂趙孟：“入之！”
111111111,對曰：“主在此。”
0111111111111111,知伯曰：“惡而無勇，何以為子？”
11111101110101111,對曰：“以能忍恥，庶無害趙宗乎！”
011110011110111111,知伯不悛，趙襄子由是惎知伯，遂喪之。
011111111111111,知伯貪而愎，故韓、魏反而喪之。
